Google Mobile Services,com/google/android/gms,com/google/android/gms
Google Ads,com/google/ads,com/google/ads
sdkbox,com/sdkbox/services,com/sdkbox/services
adbooster,com/sdkbox/adbooster,com/sdkbox/adbooster
Android Support v4,android/support/v4,android/support/v4
Android Support v7,android/support/v7,android/support/v7
Firebase,com/google/firebase,com/google/firebase
android constraint,android/support/constraint,android/support/constraint
android graphics,android/support/graphics,android/support/graphics
Multidex,android/support/multidex,android/support/multidex
Android Support Design,android/support/design,android/support/design
Google Play,com/android/vending,com/android/vending
Android transition,android/support/transition,android/support/transition
Glide,com/bumptech/glide,com/bumptech/glide
Google Gson,com/google/gson,com/google/gson
OkHttp,com/squareup/okhttp,com/squareup/okhttp
Crashlytics,com/crashlytics/android,com/crashlytics/android
butterknife UI Framework,Lbutterknife,Lbutterknife
OKHttp3.0,Lokhttp3,Lokhttp3
RxJava Retrofit,Lrx/internal,Lrx/internal
localytics,com/localytics,com/localytics
crashlytics,com/crashlytics,com/crashlytics
ActionBarSherlock,com/actionbarsherlock,com/actionbarsherlock
picasso,com/squareup/picasso,com/squareup/picasso
Nostra13 Image Loading,com/nostra13,com/nostra13
edmodo,com/edmodo,com/edmodo
Testingkit,com/Testingkit,com/Testingkit
Andengine Game Engine,Lorg/andengine,Lorg/andengine
ACRA (Application Crash Reports for Android),Lorg/acra,Lorg/acra
Apache Http,Lorg/apache/http,Lorg/apache/http
XML Pull,Lorg/xmlpull,Lorg/xmlpull
Nine Old Androids,com/nineoldandroids,com/nineoldandroids
millennialmedia,com/millennialmedia,com/millennialmedia
J256,com/j256,com/j256
Mobeta ListView,com/mobeta,com/mobeta
Smaato,com/smaato,com/smaato
Inmobi,com/inmobi,com/inmobi
Inneractive,com/inneractive,com/inneractive
MoPub,com/mopub,com/mopub
Facebook,com/facebook,com/facebook
adclient,com/adclient/android/sdk/install,com/adclient/android/sdk/install
Google Protocol Buffers,com/google/protobuf,com/google/a
Flurry,com/flurry/android,com/flurry/android
Zip4j,Lnet/lingala/zip4j,La/a/a
Jsoup,Lorg/jsoup,Lorg/jsoup
Fabric,Lio/fabric/sdk/android,Lio/fabric/sdk/android
ZXing ('Zebra Crossing'),com/google/zxing,com/google/zxing
AndroidAsync,com/koushikdutta/async,com/koushikdutta/async
customtabs,android/support/customtabs,android/support/customtabs
shortcutbadger,com/onesignal/shortcutbadger,com/onesignal/shortcutbadger
journeyapps,com/journeyapps,com/journeyapps
koushikdutta,com/koushikdutta,com/koushikdutta
Bolts Base Library,Lbolts,Lbolts
OkHttp okio Framework,Lokio,Lokio
Lrx,Lrx/exceptions,Lrx/exceptions
java_websocket,com/mixpanel/android/java_websocket,com/mixpanel/android/java_websocket
mixpanel surveys,com/mixpanel/android/surveys,com/mixpanel/android/surveys
widget,com/zopim/android/sdk/widget,com/zopim/android/sdk/widget
chatlog,com/zopim/android/sdk/chatlog,com/zopim/android/sdk/chatlog
anim,com/zopim/android/sdk/anim,com/zopim/android/sdk/anim
zopim,com/zopim/android/sdk/data,com/zopim/android/sdk/data
zendesk util,com/zendesk/util,com/zendesk/util
wang,com/wang,com/wang
retrofit RESTful Library,Lretrofit,Lretrofit
Joda Time,Lorg/joda/time,Lb/b/a
Amazon AWS,com/amazonaws,com/amazonaws
Lrx observables,Lrx/observables,Lrx/observables
Lrx observers,Lrx/observers,Lrx/observers
airbnb,com/airbnb,com/airbnb
android support v8,android/support/v8,android/support/v8
Fmod,Lorg/fmod,Lorg/fmod
Unity3D,com/unity3d,com/unity3d
YouTube Android Player API,com/google/android/youtube/player,com/google/android/youtube/player
Digits,com/digits/sdk/vcard,com/digits/sdk/vcard
AppsFlyer,com/appsflyer,com/appsflyer
Apache Common,Lorg/apache/commons,Lorg/apache/commons
twitter,com/twitter,com/twitter
digits,com/digits,com/digits
Lpl,Lpl,Lpl
Lat,Lat,Lat
SourceForge ZBar,Lnet/sourceforge/zbar,Lnet/sourceforge/zbar
Adobe Air FRE,com/adobe/fre,com/adobe/fre
Adobe FlashPlayer,com/adobe/flashruntime,com/adobe/flashruntime
Adobe Air,com/adobe/air,com/adobe/air
Adobe FlashPlayer,com/adobe/flashplayer,com/adobe/flashplayer
mediacore,com/adobe/mediacore,com/adobe/mediacore
HockeyApp,Lnet/hockeyapp/android,Lnet/hockeyapp/android
Lmono,Lmono,Lmono
Mono for Android,Lmono/android,Lmono/com
urbanairship,com/urbanairship,com/urbanairship
dvb,com/google/android/exoplayer2/text/dvb,com/google/android/exoplayer2/text/dvb
trackselection,com/google/android/exoplayer2/trackselection,com/google/android/exoplayer2/trackselection
scte35,com/google/android/exoplayer2/metadata/scte35,com/google/android/exoplayer2/metadata/scte35
smoothstreaming,com/google/android/exoplayer2/source/smoothstreaming,com/google/android/exoplayer2/source/smoothstreaming
Flurry SDK,com/flurry/sdk,com/flurry/sdk
Volley HTTP library,com/android/volley,com/android/volley
Java-WebSocket,Lorg/java_websocket,com/mixpanel/android/java_websocket
Fasterxml,com/fasterxml,com/fasterxml
i2p,Lnet/i2p,Lnet/i2p
hdodenhof,Lde/hdodenhof,Lde/hdodenhof
ogacle japan,com/ogaclejapan,com/ogaclejapan
JAudiotagger,Lorg/jaudiotagger,Lorg/jaudiotagger
comscore,com/comscore,com/comscore
PayPal,com/paypal,com/paypal
Github,com/github,com/github
mobfox,com/mobfox,com/mobfox
Radius Networks,com/radiusnetworks,com/pushwoosh/thirdparty/radiusnetworks
Unity3d Ads,com/unity3d/ads,com/unity3d/ads
StartApp,com/startapp,com/startapp
Amazon Advertisement,com/amazon/device/ads,com/amazon/device/ads
bluetooth,Lorg/altbeacon/bluetooth,Lorg/altbeacon/bluetooth
clevertap,com/clevertap,com/clevertap
webvtt,com/google/android/exoplayer2/text/webvtt,com/google/android/exoplayer2/text/webvtt
mraid,com/smartadserver/android/library/controller/mraid,com/smartadserver/android/library/controller/mraid
smartadserver,com/smartadserver/android/library/offline,com/smartadserver/android/library/offline
notification,com/pushwoosh/notification,com/pushwoosh/notification
ttml,com/google/android/exoplayer2/text/ttml,com/google/android/exoplayer2/text/ttml
paypal,com/mobimento/caponate/util/paypal,com/mobimento/caponate/util/paypal
pushwoosh,com/pushwoosh/local,com/pushwoosh/local
caponate,com/mobimento/caponate/util/views,com/mobimento/caponate/util/views
mobvista,com/mobvista/msdk/shell,com/mobvista/msdk/shell
imageMap,com/mobimento/caponate/section/imageMap,com/mobimento/caponate/section/imageMap
calendar,com/mobimento/caponate/section/calendar,com/mobimento/caponate/section/calendar
ARPois,com/mobimento/caponate/section/dataviews/ARPois,com/mobimento/caponate/section/dataviews/ARPois
appwall,com/mobvista/msdk/appwall/report,com/mobvista/msdk/appwall/report
Twitter,Ltwitter4j,Ltwitter4j
gallery,com/mobimento/caponate/section/dataviews/gallery,com/mobimento/caponate/section/dataviews/gallery
appwall viewpager,com/mobvista/msdk/appwall/viewpager,com/mobvista/msdk/appwall/viewpager
GNU KAWA,Lgnu/kawa,Lgnu/kawa
mobvista,com/mobvista/msdk/base/c,com/mobvista/msdk/base/c
mobimento calendar,com/mobimento/caponate/section/dataviews/calendar,com/mobimento/caponate/section/dataviews/calendar
GNU Common Lisp,Lgnu/commonlisp,Lgnu/commonlisp
mobvista,com/mobvista/msdk/base/b/b,com/mobvista/msdk/base/b/b
mobvista caponate,com/mobimento/caponate/element,com/mobimento/caponate/element
GNU XML,Lgnu/xml,Lgnu/xml
mobvista msdk,com/mobvista/msdk/base/b/c,com/mobvista/msdk/base/b/c
tappx,com/tappx/a/a/a/g,com/tappx/a/a/a/i
GNU Mapping,Lgnu/mapping,Lgnu/mapping
tappx,com/tappx/a/a/a/b,com/tappx/a/a/a/c
mobvista webview,com/mobvista/msdk/base/webview,com/mobvista/msdk/base/webview
ECMAScript,Lgnu/ecmascript,Lgnu/ecmascript
mobvista adapter,com/mobvista/msdk/base/adapter,com/mobvista/msdk/base/adapter
Kawa for Android,Lkawa,Lkawa
mobvista entity,com/mobvista/msdk/base/entity,com/mobvista/msdk/base/entity
gnu lists,Lgnu/lists,Lgnu/lists
mobvista,com/mobvista/msdk/b,com/mobvista/msdk/b
gnu text,Lgnu/text,Lgnu/text
mobvista click,com/mobvista/msdk/click,com/mobvista/msdk/click
gnu math,Lgnu/math,Lgnu/math
mobvista out,com/mobvista/msdk/out,com/mobvista/msdk/out
gnu expr,Lgnu/expr,Lgnu/expr
referral,Lio/branch/referral/util,Lio/branch/referral/util
bytecode,Lgnu/bytecode,Lgnu/bytecode
getui,com/igexin,com/getkeepsafe
ISO Parser,com/coremedia/iso,com/coremedia/iso
AspectJ,Lorg/aspectj,Lorg/mp4parser/aspectj
mparticle mappings,com/mparticle/kits/mappings,com/mparticle/kits/mappings
mp4parser,com/mp4parser,com/mp4parser
googlecode mp4parser,com/googlecode/mp4parser/boxes,com/googlecode/mp4parser/boxes
helpshift campaigns,com/helpshift/campaigns/views,com/helpshift/campaigns/views
Lbo,Lbo,Lbo
Lretrofit2,Lretrofit2,Lretrofit2
orm,com/orm,com/orm
greenrobot,Lorg/greenrobot,Lorg/greenrobot
json smart,Lnet/minidev/json,Lnet/minidev/json
adjust,com/adjust/sdk,com/adjust/sdk
JavaX Annotation API,Ljavax/annotation,Ljavax/annotation
Unknown,com/aigestudio,com/aigestudio
Heyzap,com/heyzap,com/heyzap
ActiveAndroid,com/activeandroid,com/activeandroid
realm,Lio/realm/internal,Lio/realm/internal
realm processor,Lio/realm/processor,Lio/realm/processor
appnextsdk,com/appnext/appnextsdk,com/appnext/appnextsdk
appnext ads,com/appnext/ads,com/appnext/ads
appnext core,com/appnext/core,com/appnext/core
Android Viewpagerindicator Widget,com/viewpagerindicator,com/viewpagerindicator
otto,com/squareup/otto,com/squareup/otto
Dagger,Ldagger,Ldagger
KObjects,Lorg/kobjects,Lorg/kobjects
ksoap2,Lorg/ksoap2,Lorg/ksoap2
Kxml2,Lorg/kxml2,Lorg/kxml2
Unknown,Lnet/sf,Lnet/sf
ExoPlayer,com/google/android/exoplayer,com/google/android/exoplayer
grandcentrix,Lnet/grandcentrix,Lnet/grandcentrix
caverock,com/caverock,com/caverock
makeramen,com/makeramen,com/makeramen
davemorrissey,com/davemorrissey,com/davemorrissey
brightcove event,com/brightcove/player/event,com/brightcove/player/event
brightcove preferences,com/brightcove/player/captioning/preferences,com/brightcove/player/captioning/preferences
apmem,Lorg/apmem,Lorg/apmem
Json org,Lorg/json,Lorg/json
Metalev Multi Touch,Lorg/metalev/multitouch,Lorg/metalev/multitouch
pulltorefresh,com/handmark/pulltorefresh,com/handmark/pulltorefresh
photoview,Luk/co/senab/photoview,Luk/co/senab/photoview
haarman,com/haarman,com/haarman
handmark,com/handmark,com/handmark
ianhanniballake,com/ianhanniballake,com/ianhanniballake
emilsjolander,com/emilsjolander,com/emilsjolander
Esoteric Software 2D,com/esotericsoftware,com/esotericsoftware
Amazon Auth SDK,com/amazon/identity/auth,com/amazon/identity/auth
android support v13,android/support/b,android/support/v13
Unknown,com/appnext/core/webview,com/appnext/core/webview
GreenDao,Lde/greenrobot/dao,Lde/greenrobot/dao
EventBus,Lde/greenrobot/event,Lde/greenrobot/event
Android Priority Job Queue,com/path/android/jobqueue,com/path/android/jobqueue
Google Maps Utils,com/google/maps/android,com/google/maps/android
SLF4J,Lorg/slf4j,Lorg/slf4j
com path,com/path,com/path
google,com/google/c,com/google/c
google,com/google/a/a,com/google/a/a
jaredrummler,com/jaredrummler,com/jaredrummler
miguelcatalan,com/miguelcatalan,com/miguelcatalan
socket,Lio/socket,Lio/socket
joda,Lorg/joda,Lorg/joda
Google API Client Libraries,com/google/api/client,com/google/api/client
ShareSDK,Lcn/sharesdk/framework,Lcn/sharesdk/framework
Mob one key share,Lcn/sharesdk/onekeyshare,Lcn/sharesdk/onekeyshare
Mob share to tencent,Lcn/sharesdk/tencent,Lcn/sharesdk/tencent
prime,com/prime31,com/prime31
mob share,com/mob/commons,com/mob/commons
Mob Tools,com/mob/tools,com/mob/tools
wechat,Lcn/sharesdk/wechat,Lcn/sharesdk/wechat
agasper,Lnet/agasper,Lnet/agasper
hockeyapp,Lnet/hockeyapp,Lnet/hockeyapp
exoplayer2 util,com/google/android/exoplayer2/util,Ltv/teads/android/exoplayer2/util
exoplayer2 cache,com/google/android/exoplayer2/upstream/cache,Ltv/teads/android/exoplayer2/upstream/cache
exoplayer2 metadata,com/google/android/exoplayer2/metadata,Ltv/teads/android/exoplayer2/metadata
exoplayer2 drm,com/google/android/exoplayer2/drm,Ltv/teads/android/exoplayer2/drm
exoplayer2 mkv,com/google/android/exoplayer2/extractor/mkv,Ltv/teads/android/exoplayer2/extractor/mkv
exoplayer2 audio,com/google/android/exoplayer2/audio,Ltv/teads/android/exoplayer2/audio
jakewharton,com/jakewharton,com/jakewharton
twitter,com/twitter/sdk/android/core,com/twitter/sdk/android/core
tweetui,com/twitter/sdk/android/tweetui,com/twitter/sdk/android/tweetui
debug,com/android/debug,com/android/debug
appboy,com/appboy/configuration,com/appboy/configuration
appboy models,com/appboy/models,com/appboy/models
inappmessage ,com/appboy/ui/inappmessage/views,com/appboy/ui/inappmessage/views
appboy widget,com/appboy/ui/widget,com/appboy/ui/widget
companionlibrary,com/google/android/libraries/cast/companionlibrary/cast/tracks,com/google/android/libraries/cast/companionlibrary/cast/tracks
android now,com/google/android/now,com/google/android/now
balysv,com/balysv,com/balysv
reactivex parallel,Lio/reactivex/internal/operators/parallel,Lio/reactivex/internal/operators/parallel
reactivex observers,Lio/reactivex/internal/observers,Lio/reactivex/internal/observers
Lkotlin,Lkotlin/io,Lkotlin/io
MaterialProgressBar,Lme/zhanghai/android/materialprogressbar,Lme/zhanghai/android/materialprogressbar
afollestad,com/afollestad,com/afollestad
Google Appinventor,com/google/appinventor,com/google/appinventor
Google GData,com/google/gdata,com/google/gdata
Google Internationalization,com/google/i18n,com/google/i18n
Signpost Oauth,Loauth/signpost,Loauth/signpost
unity,com/unity,com/unity
pnikosis,com/pnikosis,com/pnikosis
Astuetz Pager Sliding Tab Strip,com/astuetz,com/astuetz
Fyber,com/fyber,com/fyber
integralads,com/integralads,com/integralads
altbeacon,Lorg/altbeacon,com/wirelessregistry/observersdk/altbeacon
cuebiqsdk,com/cuebiq/cuebiqsdk/utils,com/cuebiq/cuebiqsdk/utils
solver,android/support/constraint/solver,android/support/constraint/solver
beacon distance,Lorg/altbeacon/beacon/distance,Lorg/altbeacon/beacon/distance
psdev,Lde/psdev,Lde/psdev
dash,com/google/android/exoplayer2/source/dash,com/google/android/exoplayer2/source/dash
pollexor,com/squareup/pollexor,com/d/a
parceler,Lorg/parceler,Lorg/b
mqttv3,Lorg/eclipse/paho/client/mqttv3/persist,Lorg/eclipse/paho/a/a/c
paho,Lorg/eclipse/paho/client/mqttv3/internal/wire,Lorg/eclipse/paho/a/a/a/c
AChartEngine,Lorg/achartengine,Lorg/achartengine
moat,com/moat,com/moat
analytics,com/aerserv/sdk/analytics,com/aerserv/sdk/analytics
aerserv,com/aerserv/sdk/controller/command,com/aerserv/sdk/controller/command
exoplayer2,com/google/android/exoplayer2,com/google/android/exoplayer2
Android Support v13,android/support/v13,android/support/v13
Ledu,Ledu,Ledu
mobsandgeeks,com/mobsandgeeks,com/mobsandgeeks
materialdialogs internal,com/afollestad/materialdialogs/internal,com/afollestad/materialdialogs/internal
materialdialogs util,com/afollestad/materialdialogs/util,com/afollestad/materialdialogs/util
observable,Lio/reactivex/internal/operators/observable,Lio/reactivex/internal/operators/observable
Lcommons,Lcommons,Lcommons
Corona,com/ansca/corona,com/ansca/corona
Google Play,com/google/android/vending,com/google/android/vending
jnlua,com/naef/jnlua,com/naef/jnlua
Lnetwork,Lnetwork,Lnetwork
Lyuku,Lyuku,Lyuku
flyco,com/flyco,com/flyco
inappbrowser,com/kakao/adfit/common/inappbrowser/widget,com/kakao/adfit/common/inappbrowser/widget
Lhotchemi,Lhotchemi,Lhotchemi
onesignal,com/onesignal,com/onesignal
flaviofaria,com/flaviofaria,com/flaviofaria
JavaBeans(TM) Activation Framework,com/sun/activation,com/sun/a
Sun Mail.jar,com/sun/mail,com/sun/mail
JavaMail API,Ljavax/mail,Ljavax/a
JavaBeans Activation Framework (JAF),Ljavax/activation,Ljavax/activation
Apache Harmony,Lorg/apache/harmony,Lorg/apache/harmony
Lmyjava,Lmyjava,Lc
kyleduo,com/kyleduo,com/kyleduo
daimajia,com/daimajia,com/daimajia
danlew,Lnet/danlew,Lnet/danlew
couchbase auth,com/couchbase/lite/auth,com/couchbase/lite/auth
couchbase support,com/couchbase/lite/support,com/couchbase/lite/support
twitter oauth,com/twitter/sdk/android/core/internal/oauth,com/twitter/sdk/android/core/internal/oauth
escapevelocity,com/google/auto/value/processor/escapevelocity,com/google/auto/value/processor/escapevelocity
lucasr,Lorg/lucasr,Lorg/lucasr
Amazon In-App Purchasing,com/amazon/device/iap,com/amazon/device/iap
Google GCM,com/google/android/gcm,com/google/android/gcm
AndroidQuery,com/androidquery,com/androidquery
PrettyTime,Lorg/ocpsoft/prettytime,Lorg/ocpsoft/prettytime
joanzapata,com/joanzapata,com/joanzapata
Indicators,com/daimajia/slider/library/Indicators,com/daimajia/slider/library/Indicators
widgets,com/google/android/libraries/cast/companionlibrary/widgets,com/google/android/libraries/cast/companionlibrary/widgets
player,com/google/android/libraries/cast/companionlibrary/cast/player,com/google/android/libraries/cast/companionlibrary/cast/player
tweetcomposer,com/twitter/sdk/android/tweetcomposer,com/twitter/sdk/android/tweetcomposer
babydollkitchentoy,com/flaviofaria/kenburnsview,com/biskiestoyskids/babydollkitchentoy/utilities/kbv
Bouncy Castle,Lorg/bouncycastle,Lorg/bouncycastle
simpleparser,com/itextpdf/text/xml/simpleparser,com/itextpdf/text/xml/simpleparser
itextpdf,com/itextpdf/text/pdf/events,com/itextpdf/text/pdf/events
android id3,com/google/android/exoplayer2/metadata/id3,com/google/android/exoplayer2/metadata/id3
Applovin,com/applovin,com/applovin
AndroidAnimations Library,com/daimajia/androidanimations,com/daimajia/androidanimations
Unknown,com/zendesk/belvedere,com/zendesk/belvedere
Unknown,com/zendesk/sdk/support,com/zendesk/sdk/support
Unknown,com/zendesk/sdk/requests,com/zendesk/sdk/requests
Unknown,com/zendesk/sdk/ui,com/zendesk/sdk/ui
Unknown,com/zendesk/sdk/rating,com/zendesk/sdk/rating
Unknown,com/zendesk/sdk/feedback,com/zendesk/sdk/feedback
Unknown,com/zendesk/sdk/model,com/zendesk/sdk/model
Unknown,com/zendesk/sdk/deeplinking,com/zendesk/sdk/deeplinking
Unknown,com/zendesk/sdk/storage,com/zendesk/sdk/storage
Unknown,com/zendesk/sdk/attachment,com/zendesk/sdk/attachment
Unknown,Lnet/margaritov,Lnet/margaritov
Unknown,com/daasuu,com/daasuu
Unknown,com/google/android/exoplayer2/video,com/google/android/exoplayer2/video
Unknown,com/tune/ma/profile,com/tune/ma/profile
Unknown,com/tune/ma/push/model,com/tune/ma/push/model
Unknown,android/support/constraint/a,android/support/constraint/a
Android SQLiteAssetHelper,com/readystatesoftware/sqliteasset,com/readystatesoftware/sqliteasset
NeatPlug Unity3d Plugins,com/neatplug/u3d/plugins,com/neatplug/u3d/plugins
Unknown,com/neatplug/u3d,com/neatplug/u3d
Appyet,com/appyet,com/appyet
Card Library,Lit/gmariotti/cardslib,Lit/gmariotti/cardslib
simple framework,Lorg/simpleframework,Lorg/simpleframework
Unknown,Ltr,Ltr
Unknown,Ld,Ld
Unknown,com/mikepenz,com/mikepenz
Unknown,com/squareup/a,com/squareup/a
Unknown,com/mapbox,com/mapbox
Unknown,com/cocoahero,com/cocoahero
Unknown,Lfr/castorflex,Lfr/castorflex
Unknown,Luk/co/senab/bitmapcache,Luk/co/senab/bitmapcache
Unknown,com/wdullaer/materialdatetimepicker/time,com/wdullaer/materialdatetimepicker/time
Unknown,com/wdullaer/materialdatetimepicker/date,com/wdullaer/materialdatetimepicker/date
Unknown,Luk/co/chrisjenx,Luk/co/chrisjenx
Unknown,android/support/constraint/solver/widgets,android/support/constraint/solver/widgets
Umeng Analysis,Lu/aly,Lu/aly
Umeng Analytics,com/umeng/analytics,com/umeng/analytics
Umeng Message Push,com/umeng/message,com/umeng/message
Umeng Common,com/umeng/common,com/umeng/a
Umeng Socialize,com/umeng/socialize,com/umeng/socialize
Tencent Login,com/tencent/tauth,com/tencent/tauth
Tencent Login,com/tencent/connect,com/tencent/connect
Tencent Login,com/tencent/qqconnect,com/tencent/qqconnect
Tecent MTA,com/tencent/stat,com/tencent/stat
Tencent Map,com/tencent/map,com/tencent/map
Tencent Wechat,com/tencent/mm,com/tencent/mm
Tencent Login,com/tencent/open,com/tencent/open
Alipay,com/alipay,com/alipay
Weibo,com/sina/weibo,com/sina/weibo
Umeng U-push (Old version called agoo),Lorg/android/agoo,Lorg/android/agoo
Unknown,com/lcodecore/tkrefreshlayout/processor,com/lcodecore/tkrefreshlayout/b
Unknown,com/squareup/wire,com/squareup/wire
Unknown,com/ta,com/a
Unknown,Lorg/android/spdy,Lorg/android/spdy
AndroidAnnotations API,Lorg/androidannotations,Lorg/androidannotations
Unknown,com/h6ah4i,com/h6ah4i
Unknown,com/orhanobut,com/orhanobut
Unknown,com/koushikdutta/ion/loader,com/koushikdutta/ion/loader
Unknown,Ldev,Ldev
Unknown,com/prolificinteractive,com/prolificinteractive
Unknown,com/google/maps,com/google/maps
Junit,Ljunit,Ljunit
hamcrest,Lorg/hamcrest,Lorg/hamcrest
jUnit Java Unit Test,Lorg/junit,Lorg/junit
Unknown,Llecho,Llecho
Jirbo,com/jirbo/adcolony,com/jirbo/adcolony
Google Tag Manager,com/google/tagmanager,com/google/tagmanager
Google Analytics,com/google/analytics,com/google/analytics
Apache Cordova,Lorg/apache/cordova,Lorg/apache/cordova
Unknown,Lnl/xservices,Lnl/xservices
Unknown,Lme/leolin,Lme/leolin
Loopj,com/loopj,com/loopj
DATE4J,Lhirondelle/date4j,Lhirondelle/date4j
Jackson Json-processor,Lorg/codehaus/jackson,Lorg/codehaus/jackson
Unknown,com/danikula,com/danikula
Unknown,com/wnafee,com/wnafee
Unknown,com/google/vr/cardboard,com/google/vr/cardboard
Unknown,com/google/vr/vrcore,com/google/vr/vrcore
Unknown,com/h6ah4i/android/widget/advrecyclerview/draggable,com/h6ah4i/android/widget/advrecyclerview/draggable
Unknown,Lkotlin/sequences,Lkotlin/sequences
Unknown,Lkotlin/text,Lkotlin/text
anywheresoftware,Lanywheresoftware,Lanywheresoftware
Unknown,Lnet/sqlcipher/database,Lnet/sqlcipher/database
Unknown,Lorg/sufficientlysecure,Lorg/sufficientlysecure
Parse.com,com/parse,com/parse
Unknown,com/smartmobilesoftware,com/smartmobilesoftware
Unknown,Lio/liteglue,Lio/liteglue
Google Core Libraries (3rd Party),com/google/thirdparty,com/google/thirdparty
Google Core Libraries for Java 6+,com/google/common,com/google/common
Unknown,Lid,Lid
Unknown,com/bignerdranch,com/bignerdranch
Unknown,com/google/android/flexbox,com/google/android/flexbox
Unknown,com/pkmmte,com/pkmmte
Unknown,Lde/appplant,Lde/appplant
Unknown,com/rjfun,com/rjfun
Unknown,android/databinding,android/databinding
Sina SSO,com/sina/sso,com/sina/sso
Yandex Ad,com/yandex/mobile/ads,com/yandex/mobile/ads
Unknown,com/smartadserver/android/library/http,com/smartadserver/android/library/http
Unknown,com/cmcm/adsdk/utils,com/cmcm/adsdk/utils
Unknown,com/cmcm/adsdk/config,com/cmcm/adsdk/config
Unknown,com/cmcm/picks/webview,com/cmcm/picks/webview
Unknown,com/twitter/sdk/android/core/identity,com/twitter/sdk/android/core/identity
Unknown,com/twitter/sdk/android/core/internal,com/twitter/sdk/android/core/internal
Unknown,com/aspsine,com/aspsine
Unknown,com/yandex/metrica,com/yandex/metrica
Unknown,Lio/presage/actions,Lio/presage/actions
Unknown,Lio/presage/finder,Lio/presage/finder
Unknown,Lio/presage/ads,Lio/presage/ads
Unknown,Lio/presage/formats,Lio/presage/formats
Unknown,Lio/presage/activities,Lio/presage/activities
Unknown,Lio/branch/indexing,Lio/branch/indexing
cocos2DX,Lorg/cocos2dx,Lorg/cocos2dx
Unknown,com/anysdk,com/anysdk
Unknown,com/duapps/ad/list/cache,com/duapps/ad/list/cache
Unknown,com/duapps/ad/offerwall/ui,com/duapps/ad/offerwall/ui
UserVoice Android SDK,com/uservoice/uservoicesdk,com/uservoice/uservoicesdk
Unknown,com/braintreepayments/api/models,com/braintreepayments/api/models
Unknown,Lio/card/payment/i18n,Lio/card/payment/i18n
Scribe Java Lib,Lorg/scribe,Lorg/scribe
goodbarber,com/goodbarber,com/goodbarber
Adtech,com/adtech,com/adtech
AdSDK,com/adsdk,com/adsdk
Unknown,Lly,Lly
Unknown,com/smartadserver,com/smartadserver
Unknown,com/swelen,com/swelen
Unknown,com/atinternet,com/atinternet
Unknown,com/google/unity,com/google/unity
Unknown,com/EasyMovieTexture,com/EasyMovieTexture
Unknown,com/brightcove/player/media,com/brightcove/player/media
Unknown,com/zendesk,com/zendesk
Unknown,com/brightcove/player/util,com/brightcove/player/util
Unknown,com/algolia/search/saas/helpers,com/algolia/search/saas/helpers
Unknown,com/brightcove/player/analytics,com/brightcove/player/analytics
Unknown,com/segment/analytics/internal,com/segment/analytics/internal
Unknown,com/iarcuschin,com/iarcuschin
Unknown,com/brightcove/player/view,com/brightcove/player/view
Unknown,com/joooonho,com/joooonho
Unknown,com/brightcove/player/controller,com/brightcove/player/controller
Unknown,com/franmontiel,com/franmontiel
Unknown,com/brightcove/player/model,com/brightcove/player/model
Unknown,com/zopim/android/sdk/util,com/zopim/android/sdk/util
Unknown,android/databinding/adapters,android/databinding/adapters
Unknown,com/wefika,com/wefika
Unknown,com/davemorrissey/labs/subscaleview/a,com/davemorrissey/labs/subscaleview/a
Unknown,Lkankan,Lkankan
Unknown,com/jeremyfeinstein,com/jeremyfeinstein
Unknown,com/sothree,com/sothree
Xiaomi Smack,com/xiaomi/smack,com/xiaomi/smack
Xiaomi Push,com/xiaomi/push,com/xiaomi/push
Unknown,com/admarvel/android/admarveladcolonyadapter,com/admarvel/android/admarveladcolonyadapter
Unknown,com/admarvel/android/ads/internal/mediation,com/admarvel/android/ads/internal/mediation
Unknown,com/yalantis/ucrop/task,com/yalantis/ucrop/task
Unknown,com/yalantis/ucrop/view,com/yalantis/ucrop/view
Vudroid PDF Reader,Lorg/vudroid,Lorg/vudroid
Unknown,com/keyes,com/keyes
Logback,Lch/qos/logback,Lch/qos/logback
Unknown,Lch,Lch
Google Admob,com/admob,com/admob
Baidu SAPI2,com/baidu/sapi2,com/baidu/sapi2
Baidu Location,com/baidu/location,com/baidu/location
Baidu APP SDK,com/baidu/android,com/baidu/android
baidu push service,com/baidu/android/pushservice,com/baidu/android/pushservice
Baidu Mobile Stat,com/baidu/mobstat,com/baidu/mobstat
Unknown,Lnet/sqlcipher,Lnet/sqlcipher
Unknown,android/support/wearable,android/support/wearable
HttpClient Android repackage buildscript,Lcz/msebera/android/httpclient,Lcz/msebera/android/httpclient
Unknown,Licepick,Licepick
Unknown,com/jakewharton/rxbinding2,com/jakewharton/rxbinding2
Unknown,com/google/android/exoplayer2/extractor/mp4,com/google/android/exoplayer2/extractor/mp4
Unknown,com/google/android/exoplayer2/text,com/google/android/exoplayer2/text
Unknown,com/google/android/exoplayer2/ui,com/google/android/exoplayer2/ui
Unknown,com/google/android/exoplayer2/upstream,com/google/android/exoplayer2/upstream
Unknown,android/support/wearable/watchface,android/support/wearable/watchface
Unknown,com/bartoszlipinski,com/bartoszlipinski
Unknown,com/rey,com/rey
Unknown,com/twotoasters,com/twotoasters
Tape by Square,com/squareup/tape,com/squareup/tape
Unknown,com/ad4screen/sdk/analytics,com/ad4screen/sdk/analytics
Unknown,com/ad4screen/sdk/plugins/beacons,com/ad4screen/sdk/plugins/beacons
Unknown,com/ad4screen/sdk/common/c,com/ad4screen/sdk/common/c
Unknown,com/ad4screen/sdk/service/modules/inapp/b,com/ad4screen/sdk/service/modules/inapp/b
Unknown,com/ad4screen/sdk/service/modules/e,com/ad4screen/sdk/service/modules/e
Unknown,com/ad4screen/sdk/service/modules/a,com/ad4screen/sdk/service/modules/a
Unknown,com/mikepenz/iconics,com/mikepenz/iconics
Unknown,com/liulishuo/filedownloader/message,com/liulishuo/filedownloader/message
Unknown,Lio/reactivex/internal/operators/completable,Lio/reactivex/internal/operators/completable
ChartBoost,com/chartboost/sdk,com/chartboost/sdk
Appbrain SDK,com/appbrain,com/appbrain
Vungle,com/vungle,com/vungle
Unknown,com/ortiz,com/ortiz
Unknown,com/adcolony,com/adcolony
Unknown,com/mikepenz/materialize/view,com/mikepenz/materialize/view
Unknown,com/mikepenz/materialdrawer/view,com/mikepenz/materialdrawer/view
Unknown,com/my/target/core/providers,com/my/target/core/providers
Unknown,com/appnext/ads/fullscreen,com/appnext/ads/fullscreen
Unknown,com/aerserv/sdk/model/ad,com/aerserv/sdk/model/ad
Unknown,Ltyrantgit,Ltyrantgit
Unknown,com/wdullaer,com/wdullaer
Unknown,Ljp,Ljp
Unknown,Lim/delight,Lim/delight
Unknown,Lcn/pedant,Lcn/pedant
Unknown,Lxyz,Lxyz
Disk LRU Cache,com/jakewharton/disklrucache,com/jakewharton/disklrucache
Unknown,com/mikepenz/aboutlibraries/ui,com/mikepenz/aboutlibraries/ui
Unknown,com/mikepenz/materialize,com/mikepenz/materialize
Unknown,com/mikepenz/iconics/utils,com/mikepenz/iconics/utils
Unknown,com/admarvel/android/ads,com/admarvel/android/ads
Unknown,com/imagepicker/utils,com/imagepicker/utils
Unknown,com/afollestad/materialdialogs/folderselector,com/afollestad/materialdialogs/b
Unknown,com/firebase,com/firebase
Unknown,com/mikhaellopez,com/mikhaellopez
Unknown,com/twitter/sdk/android/tweetui/internal,com/twitter/sdk/android/tweetui/internal
Unknown,com/alexdisler,com/alexdisler
Keyboard Surfer,Lde/keyboardsurfer,Lde/keyboardsurfer
newrelic,com/newrelic,com/newrelic
httpclientandroidlib,Lch/boye/httpclientandroidlib,Lch/boye/httpclientandroidlib
Unknown,com/crystal,com/crystal
Unknown,com/google/android/exoplayer2/mediacodec,com/google/android/exoplayer2/mediacodec
Unknown,com/getbase,com/getbase
avos pusher,com/avos/avoscloud,com/pusher
Unknown,com/braintree,com/b
Unknown,com/cocosw,com/cocosw
Unknown,Lse,Lse
Unknown,Lorg/webrtc/voiceengine,Lorg/webrtc/voiceengine
Umeng push,Lanet/channel,Lanet/channel
Taobao ACCS,com/taobao/accs,com/taobao/accs
Fastjson,com/alibaba/fastjson,com/alibaba/fastjson
AIDL,Lanetwork/channel/aidl,Lanetwork/channel/aidl
Apache James Mail Enterprise Serve,Lorg/apache/james,Lorg/apache/james
Unknown,com/gigamole,com/gigamole
Unknown,com/zhy,com/zhy
Unknown,Lio/reactivex/internal/schedulers,Lio/reactivex/internal/schedulers
Unknown,Lit/sephiroth,Lit/sephiroth
Unknown,Lanetwork/channel/entity,Lanetwork/channel/entity
Unknown,Lorg/greenrobot/greendao/test,Lorg/greenrobot/greendao/test
Unknown,Lorg/greenrobot/greendao/query,Lorg/greenrobot/greendao/query
Unknown,Lapp,Lapp
ListViewAnimations,com/nhaarman/listviewanimations,com/nhaarman/listviewanimations
Unknown,com/nhaarman,com/nhaarman
Unknown,Lmd5b60ffeb829f638581ab2bb9b1a7f4f3f,Lmd5b60ffeb829f638581ab2bb9b1a7f4f3f
Unknown,Lmd5270abb39e60627f0f200893b490a1ade,Lmd5270abb39e60627f0f200893b490a1ade
Unknown,Lio/reactivex/processors,Lio/reactivex/processors
Unknown,Lio/reactivex/internal/operators/maybe,Lio/reactivex/internal/operators/maybe
Unknown,Lde/javakaffee,Lde/javakaffee
Unknown,Lcn/qqtheme/framework/entity,Lcn/qqtheme/framework/entity
db4o,com/db4o,com/db4o
Unknown,com/apptentive/android/sdk/view,com/apptentive/android/sdk/view
Unknown,com/apptentive/android/sdk/module,com/apptentive/android/sdk/module
Unknown,com/apptentive/android/sdk/comm,com/apptentive/android/sdk/comm
Unknown,com/apptentive/android/sdk/model,com/apptentive/android/sdk/model
Unknown,com/apptentive/android/sdk/util/image,com/apptentive/android/sdk/util/image
Unknown,com/apptentive/android/sdk/storage,com/apptentive/android/sdk/storage
Unknown,com/jpardogo,com/jpardogo
Unknown,com/akexorcist,com/akexorcist
Unknown,Lorg/adw,Lorg/adw
Unknown,com/nielsen/app/nuid,com/nielsen/app/nuid
Unknown,com/calldorado/android/ui/Dialogs,com/calldorado/android/ui/Dialogs
Unknown,com/calldorado/android/db,com/calldorado/android/db
Unknown,com/calldorado/android/notifications,com/calldorado/android/notifications
Unknown,com/mikepenz/materialdrawer/util,com/mikepenz/materialdrawer/util
CommonsWare SackOfViewsAdapter,com/commonsware/cwac/sacklist,com/commonsware/cwac/sacklist
CommonsWare MergeAdapter,com/commonsware/cwac/merge,com/commonsware/cwac/merge
Unknown,com/commonsware,com/commonsware
Unknown,com/codetroopers/betterpickers/numberpicker,com/codetroopers/betterpickers/numberpicker
Unknown,com/codetroopers/betterpickers/datepicker,com/codetroopers/betterpickers/datepicker
Unknown,com/codetroopers/betterpickers/timepicker,com/codetroopers/betterpickers/timepicker
Unknown,com/codetroopers/betterpickers/expirationpicker,com/codetroopers/betterpickers/expirationpicker
Unknown,com/codetroopers/betterpickers/recurrencepicker,com/codetroopers/betterpickers/recurrencepicker
Unknown,com/codetroopers/betterpickers/hmspicker,com/codetroopers/betterpickers/hmspicker
Unknown,com/appyvet,com/appyvet
badlogic,com/badlogic,com/badlogic
Bugly,com/tencent/bugly,com/tencent/bugly
tencent weixin Open(Share),com/tencent/wxop,com/tencent/wxop
Jiguang,Lcn/jiguang,Lcn/jiguang
Unknown,com/afollestad/materialdialogs/prefs,com/afollestad/materialdialogs/prefs
Unknown,com/tencent/a,com/tencent/a
Unknown,Lcn/sharesdk/twitter,Lcn/sharesdk/twitter
Unknown,Ltv/danmaku/ijk/media/player,Ltv/danmaku/ijk/media/player
Unknown,Lme/grantland,Lme/grantland
Unknown,com/evernote/android/job/util/support,com/evernote/android/job/util/support
Unknown,com/rometools/rome/feed/module,com/rometools/rome/feed/c
Unknown,com/rengwuxian,com/rengwuxian
Unknown,com/oguzdev,com/oguzdev
Unknown,Lorg/chromium,Lorg/chromium
Unknown,com/rjfun/cordova/admob,com/rjfun/cordova/admob
Unknown,com/telerik,com/telerik
Spongy Castle,Lorg/spongycastle,Lorg/bouncycastle
Unknown,Lharmony,Lharmony
Unknown,com/apptentive/android/sdk/module/engagement/interaction/view,com/apptentive/android/sdk/module/engagement/interaction/view
Unknown,com/apptentive/android/sdk/module/engagement/interaction/model,com/apptentive/android/sdk/module/engagement/interaction/model
GestureImageView polites.com,com/polites,com/polites
JDOM V1,Lorg/jdom,com/estimote/cloud_plugin/internal/rest
Unknown,com/google/android/apps,com/google/android/apps
Unknown,com/roomorama,com/roomorama
Unknown,com/estimote/sdk/repackaged/okio_v1_3_0,com/estimote/coresdk/repackaged/okio_v1_3_0
Unknown,com/estimote/sdk/repackaged/gson_v2_3_1,com/estimote/coresdk/repackaged/gson_v2_3_1
Unknown,com/estimote/sdk/cloud/model,com/estimote/coresdk/cloud/model
Unknown,com/estimote/sdk/connection/internal/protocols/nearables,com/estimote/mgmtsdk/connection/protocol/nearables
Unknown,com/koushikdutta/ion/bitmap,com/koushikdutta/ion/bitmap
Unknown,com/devicecollector,com/devicecollector
Unknown,Lio/reactivex/internal/operators/flowable,Lio/reactivex/internal/operators/flowable
Unknown,Lfr/ganfra,Lfr/ganfra
Baidu Mobile Ads,com/baidu/mobads,com/baidu/mobads
miaomi mipush,com/xiaomi/mipush/sdk,com/xiaomi/mipush/sdk
Unknown,com/xiaomi/network,com/xiaomi/network
Unknown,com/zcw,com/zcw
Unknown,com/qq,com/qq
Unknown,Lcn/carbswang,Lcn/carbswang
Unknown,com/yandex/runtime/bindings,com/yandex/runtime/bindings
batch,com/batch,com/batch
Smack,Lorg/jivesoftware/smack,Lorg/jivesoftware/smack
Smack Extensions,Lorg/jivesoftware/smackx,Lorg/jivesoftware/smackx
Unknown,com/zopim/android/sdk/attachment,com/zopim/android/sdk/attachment
Unknown,com/zopim/android/sdk/prechat,com/zopim/android/sdk/prechat
Unknown,Lorg/shaded,Lorg/shaded
Unknown,Lgnu/xquery,Lgnu/xquery
Unknown,com/firebase/tubesock,com/firebase/tubesock
Unknown,com/firebase/client/authentication,com/firebase/client/authentication
Unknown,com/firebase/client/snapshot,com/firebase/client/snapshot
Unknown,com/firebase/client/core,com/firebase/client/core
Unknown,com/firebase/client/utilities,com/firebase/client/utilities
Unknown,com/firebase/client/collection,com/firebase/client/collection
Unknown,com/firebase/client/android,com/firebase/client/android
Unknown,com/shaded,com/shaded
Okhttp,com/avos/avoscloud/okhttp,com/squareup/okhttp
Unknown,android/support/v4n/app,android/support/v4n/app
Unknown,com/moat/analytics/mobile/inm,com/moat/analytics/mobile/aol
Unknown,com/google/android/exoplayer2/source/smoothstreaming/manifest,com/google/android/exoplayer2/source/smoothstreaming/manifest
timessquare,com/squareup/timessquare,com/squareup/timessquare
XZ For Java,Lorg/tukaani/xz,Lorg/tukaani/xz
Unknown,com/annimon,com/annimon
Unknown,Lio/jsonwebtoken,Lio/jsonwebtoken
International Components for Unicode,com/ibm/icu,com/ibm/icu
Unknown,com/soundcloud,com/soundcloud
Java Excel API,Ljxl,Ljxl
actionbarpulltorefresh,Luk/co/senab/actionbarpulltorefresh,Luk/co/senab/actionbarpulltorefresh
Unknown,com/mikepenz/materialdrawer,com/mikepenz/materialdrawer
Guice,com/google/inject,com/google/inject
Spring Framework,Lorg/springframework,Lorg/springframework
Roboguice,Lroboguice,Lroboguice
Unknown,Lcrittercism,Lcrittercism
Unknown,com/crittercism,com/crittercism
Unknown,Lio/sqlc,Lio/sqlc
BugSense,com/bugsense,com/bugsense
Dropbox Java SDK,com/dropbox/client2,com/dropbox/client2
Nokia In-App Payment,com/nokia/payment/iap,com/nokia/payment/iap
Samsung In-App Purchase,com/sec/android/iap,com/sec/android/iap
Microsoft MapPoint,Lmicrosoft/mappoint,Lmicrosoft/mappoint
OpenStreetMap-Tools,Lorg/osmdroid,Lorg/osmdroid
Unknown,com/skubit,com/skubit
Unknown,com/theartofdev,com/theartofdev
Unknown,com/codetroopers/betterpickers/radialtimepicker,com/codetroopers/betterpickers/radialtimepicker
Unknown,Lorg/onepf/oms/appstore/nokiaUtils,Lorg/onepf/oms/appstore/nokiaUtils
Unknown,Lorg/apache/thrift,Lorg/apache/thrift
Unknown,com/devbrackets/android/exomedia/util,com/devbrackets/android/exomedia/util
Unknown,com/google/android/exoplayer2/extractor/ts,com/google/android/exoplayer2/extractor/ts
Unknown,com/google/android/exoplayer2/source/hls,com/google/android/exoplayer2/source/hls
Unknown,com/chauthai,com/chauthai
Unknown,Lfreemarker,Lfreemarker
Unknown,Lorg/apache/thrift/transport,Lorg/apache/thrift/transport
Unknown,Lorg/apache/thrift/server,Lorg/apache/thrift/server
Unknown,Lorg/eclipse/paho/a,Lorg/eclipse/paho/client
Unknown,com/umeng/onlineconfig,com/umeng/onlineconfig
Unknown,Lio/netty/channel/group,Lio/netty/channel/group
Unknown,Lio/netty/bootstrap,Lio/netty/bootstrap
Unknown,Lio/netty/handler/traffic,Lio/netty/handler/traffic
Unknown,Lio/reactivex,Lio/reactivex
Unknown,Lcn/sharesdk/sina,Lcn/sharesdk/sina
Unknown,Lcn/sharesdk/whatsapp,Lcn/sharesdk/whatsapp
Unknown,Lcn/sharesdk/facebook,Lcn/sharesdk/facebook
Alibaba Amap,com/amap,com/amap
Unknown,com/autonavi/amap,com/autonavi/amap
Unknown,com/sromku,com/sromku
Unknown,com/baoyz,com/baoyz
Unknown,com/youth/banner/transformer,com/youth/banner/transformer
Unknown,Lorg/litepal,Lorg/litepal
Unknown,Lde/timroes,Lde/timroes
Unknown,com/digits/sdk/a,com/digits/sdk/a
Unknown,com/onesignal/shortcutbadger/impl,Lme/leolin/shortcutbadger/impl
Pinyin4j,Lnet/sourceforge/pinyin4j,Lnet/sourceforge/pinyin4j
Unknown,Ljp/wasabeef,Ljp/wasabeef
Unknown,Ltourguide,Ltourguide
Unknown,Lorg/greenrobot/eventbus,Lorg/greenrobot/eventbus
Unknown,com/dd,com/dd
Unknown,com/stripe,com/stripe
Unknown,com/mobvista/msdk/appwall/a,com/mobvista/msdk/appwall/a
Unknown,com/vmax/android/ads/webview,com/vmax/android/ads/webview
Unknown,Lio/jsonwebtoken/lang,Lio/jsonwebtoken/lang
Unknown,Lorg/eclipse/paho/client/mqttv3/internal/websocket,Lorg/eclipse/paho/client/mqttv3/internal/websocket
Unknown,Lorg/greenrobot/greendao,Lorg/greenrobot/greendao
Unknown,com/stripe/net,com/stripe/net
Unknown,android/support/media,android/support/media
Unknown,Lnet/lingala,Lnet/lingala
Dnsjava,Lorg/xbill/DNS,Lorg/xbill/DNS
Unknown,com/squareup/moshi,com/squareup/moshi
Revmob,com/revmob,com/revmob
Unknown,com/appnext,com/appnext
Unknown,com/mobvista/msdk/appwall,com/mobvista/msdk/appwall
Unknown,com/mobvista/msdk/base,com/mobvista/msdk/base
Unknown,com/htc/sphere,com/htc/sphere
Unknown,com/yalantis,com/yalantis
Unknown,com/itextpdf/text/html,com/itextpdf/text/html
Unknown,com/itextpdf/text/pdf/parser,com/itextpdf/text/pdf/parser
Unknown,com/itextpdf/text/pdf/hyphenation,com/itextpdf/text/pdf/hyphenation
Unknown,com/itextpdf/text/pdf/codec,com/itextpdf/text/pdf/codec
Jpush,Lcn/jpush/android,Lcn/jpush/android
DashClock API,com/google/android/apps/dashclock/api,com/google/android/apps/dashclock/api
Unknown,com/moe/pushlibrary/models,com/moe/pushlibrary/models
Dom4j,Lorg/dom4j,Lorg/dom4j
ut mini push sdk,com/ut/mini,com/ut/mini
Huawei Android SDK,com/huawei/android,com/huawei/android
Alibaba MTL,com/alibaba/mtl,com/alibaba/mtl
Tencent Tpush (Xinge),com/tencent/android/tpush,com/tencent/android/tpush
Unknown,com/tencent/mid,com/tencent/mid
Unknown,com/meizu/cloud/pushsdk/notification/model,com/meizu/cloud/pushsdk/notification/model
Unknown,com/baidu/lbsapi,com/baidu/lbsapi
Unknown,com/mixpanel/android/viewcrawler,com/mixpanel/android/c
Unknown,com/googlecode/mp4parser/boxes/mp4,com/b/a/b/b
Unknown,com/afollestad/materialdialogs/a,com/afollestad/materialdialogs/a
Unknown,com/google/android/exoplayer2/a,com/google/android/exoplayer2/a
Unknown,com/helpshift/support/a,com/helpshift/support/a
Unknown,com/helpshift/util,com/helpshift/util
Unknown,com/tokenautocomplete,com/tokenautocomplete
Unknown,com/tencent/tinker/android,com/tencent/tinker/android
Unknown,com/nispok,com/nispok
Unknown,Lorg/askerov,Lorg/askerov
Unknown,com/jakewharton/rxbinding,com/jakewharton/rxbinding
Unknown,com/bluelinelabs,com/bluelinelabs
Unknown,Lfr/castorflex/android/smoothprogressbar,com/lybrate/core/ui/smoothProgressBar
Unknown,Lorg/webrtc/videoengine,Lorg/webrtc/videoengine
Unknown,com/quantcast,com/quantcast
Unknown,com/liulishuo,com/liulishuo
Unknown,com/aurelhubert,com/aurelhubert
Unknown,com/anjlab/android/iab/v3,com/mrpround/privategame/billing
Spoledge AAC Decoder,com/spoledge,com/spoledge
Unknown,com/etsy,com/etsy
Unknown,Leu,Leu
FloatingActionButton,com/melnykov/fab,com/melnykov/fab
Unknown,com/diegocarloslima,com/diegocarloslima
Unknown,com/flipboard,com/flipboard
Unknown,com/cm,com/cm
Unknown,com/cmcm/gl/view,com/cmcm/gl/view
Unknown,com/cmcm/gl/engine/q/a,com/cmcm/gl/engine/q/a
Unknown,com/cmcm/gl/engine/c3dengine/d,com/cmcm/gl/engine/c3dengine/d
Unknown,com/cmcm/gl/engine/c3dengine/a,com/cmcm/gl/engine/c3dengine/a
Unknown,com/cmcm/gl/engine/a,com/cmcm/gl/engine/a
Unknown,com/cmcm/gl/b,com/cmcm/gl/b
Unknown,com/cm/kinfoc,com/cm/kinfoc
Unknown,com/cmcm/b/a,com/cmcm/utils/a
Unknown,com/futuremind,com/futuremind
Tencent X5 (SMTT),com/tencent/smtt,com/tencent/smtt
Xiaomi XMpush,com/xiaomi/xmpush,com/xiaomi/xmpush
Unknown,Lmiui,Lmiui
Unknown,com/xiaomi/account,com/xiaomi/account
Unknown,Lme/dm7,Lme/dm7
Unknown,com/varunest/sparkbutton/heplers,com/varunest/sparkbutton/helpers
Android Package management,android/content/pm,android/content/pm
Unknown,com/samsung,com/samsung
Unknown,com/cmcm/adsdk/a,com/cmcm/adsdk/a
Unknown,android/app,android/app
PhoneGap,com/phonegap,com/phonegap
Unknown,com/microsoft,com/microsoft
Unknown,com/lsjwzh,com/lsjwzh
Jaxen,Lorg/jaxen,Lorg/jaxen
Unknown,com/hb,Lde/halfbit
Unknown,com/tonicartos,com/tonicartos
Unknown,com/vdurmont,com/vdurmont
Unknown,com/marshalchen,com/marshalchen
Unknown,com/jude,com/jude
Unknown,com/zomato,com/zomato
Unknown,Lin,Lin
Unknown,com/vk/sdk/api/model,com/vk/sdk/api/model
Unknown,com/vk/sdk/dialogs,com/vk/sdk/dialogs
Unknown,com/vk/sdk/util,com/vk/sdk/util
Unknown,com/squareup/haha,com/squareup/haha
Unknown,com/android/internal,com/android/internal
Unknown,com/cleanmaster/activitymanagerhelper,com/cleanmaster/activitymanagerhelper
Unknown,com/my/target/nativeads,com/my/target/nativeads
Unknown,com/my/target/ads,com/my/target/ads
Unknown,com/my/target/core/ui/views/chrome,com/my/target/core/ui/views/chrome
Unknown,com/my/target/core/ui/views/fspromo,com/my/target/core/ui/views/fspromo
Unknown,com/my/target/core/utils,com/my/target/core/utils
Unknown,com/my/target/core/resources,com/my/target/core/resources
Unknown,com/my/target/core/net,com/my/target/core/net
Unknown,com/my/target/core/async,com/my/target/core/async
Unknown,com/duapps/ad/inmobi,com/duapps/ad/inmobi
Apache Ant Core,Lorg/apache/tools/ant,Lorg/apache/tools/ant
Unknown,com/liulishuo/filedownloader/i,com/liulishuo/filedownloader/i
AMAP autonavi API,com/autonavi/aps/amapapi,com/autonavi/aps/amapapi
Unknown,Lme/relex,Lme/relex
Unknown,Luk/co/workingedge,Luk/co/workingedge
Unknown,com/journeyapps/barcodescanner/camera,com/journeyapps/barcodescanner/camera
Unknown,com/itextpdf/text/io,com/itextpdf/text/io
Unknown,com/itextpdf/text/pdf/fonts,com/itextpdf/text/pdf/fonts
Unknown,com/bigkoo,com/bigkoo
Unknown,Lit/partytrack,Lit/partytrack
Unknown,Lcn/bingoogolapple/refreshlayout,com/amber/newslib/uikit/refreshlayout
Unknown,com/google/gms,com/google/gms
Unknown,com/andexert,com/andexert
Unknown,Lpl/droidsonroids,Lpl/droidsonroids
Unknown,com/networkbench/agent/impl/i,com/networkbench/agent/impl/k
Unknown,com/tencent/tinker/commons,com/tencent/tinker/commons
Unknown,com/tencent/tinker/bsdiff,com/tencent/tinker/bsdiff
Unknown,com/alibaba/sdk,com/alibaba/sdk
Unknown,Lanetwork/channel/cache,Lanetwork/channel/cache
Unknown,com/daimajia/slider/library/Tricks,com/daimajia/slider/library/Tricks
Messagepack,Lorg/msgpack,Lorg/msgpack
Unknown,com/brightcove/player/edge,com/brightcove/player/edge
Unknown,Ltv/danmaku,Ltv/danmaku
Unknown,com/taobao/agoo,com/taobao/agoo
Unknown,com/taobao/applink,com/taobao/applink
Unknown,com/alibaba/sdk/android/httpdns,com/alibaba/sdk/android/httpdns
Unknown,com/hianalytics,com/hianalytics
Unknown,Lsdk/meizu,Lsdk/meizu
StAX API,com/bea/xml/stream,com/a/a/a
Unknown,com/bea,com/a
Unknown,com/wutka,com/wutka
Unknown,android/support/v14,android/support/v14
Unknown,com/oneaudience/sdk/b,com/oneaudience/sdk/b
Outline Games,com/outlinegames,com/outlinegames
TendDaTa,com/tendcloud/tenddata,com/tendcloud/tenddata
Unknown,com/google/flatbuffers,com/google/flatbuffers
Unknown,com/b/a,com/b/a
Conduit App,com/conduit/app,com/conduit/app
Unknown,com/mixpanel,com/mixpanel
Unknown,com/larvalabs,com/larvalabs
Unknown,com/ipaulpro,com/ipaulpro
Unknown,com/pixelcan,com/pixelcan
Kankan Wheel Android scroller,Lkankan/wheel,Lkankan/wheel
Unknown,com/mixpanel/android/util,com/mixpanel/android/util
Unknown,La/a/a/a/e,Lcz/msebera/android/httpclient/conn
Unknown,com/rfm/sdk/adissue,com/rfm/sdk/adissue
Unknown,com/rfm/sdk/video,com/rfm/sdk/video
Unknown,com/rfm/sdk/vast/elements,com/rfm/sdk/vast/elements
Unknown,com/google/android/exoplayer2/source/dash/manifest,com/google/android/exoplayer2/source/dash/manifest
Unknown,com/google/android/c2dm,com/google/android/c2dm
Unknown,com/itextpdf/text/xml,com/itextpdf/text/xml
Unknown,com/itextpdf/awt,com/itextpdf/awt
Unknown,com/itextpdf/xmp,com/itextpdf/xmp
Unknown,com/dinuscxj,com/dinuscxj
Unknown,Lorg/eclipse/paho/client,Lorg/eclipse/paho/client
Stericson RootTools,com/stericson/RootTools,com/ogqcorp/bgh/inappbilling
Unknown,com/itextpdf/text/pdf/security,com/itextpdf/text/pdf/security
Unknown,com/itextpdf/testutils,com/itextpdf/testutils
htmlCleaner,Lorg/htmlcleaner,Lorg/htmlcleaner
Unknown,Lorg/jcodec/containers/mp4/muxer,Lorg/jcodec/containers/mp4/muxer
Unknown,Lorg/jcodec/codecs/wav,Lorg/jcodec/codecs/wav
Unknown,Lorg/jcodec/scale,Lorg/jcodec/scale
Unknown,com/cleveroad,com/cleveroad
Unknown,com/mikepenz/fastadapter,com/mikepenz/fastadapter
Unknown,Lco/mobiwise/materialintro/view,Lco/mobiwise/materialintro/view
Unknown,Lorg/objenesis,Lorg/objenesis
FlexJson Library,Lflexjson,Lflexjson
Unknown,com/tune/http,com/d/a
TagSoup,Lorg/ccil/cowan/tagsoup,Lorg/ccil/cowan/tagsoup
Unknown,com/uphyca,com/uphyca
Unknown,android/support/constraint/a/a,android/support/constraint/solver/widgets
Androidplot,com/androidplot,com/androidplot
Unknown,com/uservoice,com/uservoice
Unknown,com/mobileapptracker,com/mobileapptracker
Unknown,com/kakao/util,com/kakao/util
Java jdeferred Library,Lorg/jdeferred,Lorg/a
Unknown,Lio/card/payment/ui,Lio/card/payment/ui
Unknown,Lorg/opencv/utils,Lorg/opencv/utils
Unknown,Lorg/opencv/engine,Lorg/opencv/engine
Unknown,Lcat,Lcat
SnakeYAML,Lorg/yaml/snakeyaml,Lorg/yaml/snakeyaml
Unknown,com/timehop,com/timehop
Unknown,Lkotlin,Lkotlin
Unknown,com/androidadvance,com/androidadvance
Unknown,com/ToxicBakery,com/ToxicBakery
Unknown,com/larswerkman,com/larswerkman
Unknown,com/birbit,com/birbit
Unknown,Lnet/lucode,Lnet/lucode
Immersion TouchSense SDK,com/immersion/hapticmediasdk,com/immersion/hapticmediasdk
Supersonic: Mobile Advertising,com/supersonicads/sdk,com/supersonicads/sdk
Supersonic Ads,com/supersonic/adapters/supersonicads,com/supersonic/adapters/supersonicads
Supersonic MediationSDK(Abandoned),com/supersonic/mediationsdk,com/supersonic/mediationsdk
Unknown,com/supersonic,com/supersonic
Unknown,com/victor,com/victor
Unknown,com/pluscubed,com/pluscubed
Unknown,com/anjlab,com/anjlab
Unknown,com/rampo,com/rampo
Unknown,com/plugin,com/plugin
Unknown,com/flipboard/bottomsheet/commons,com/flipboard/bottomsheet/commons
Unknown,com/inlocomedia/android/ads/mraid,com/inlocomedia/android/ads/mraid
MenuDrawer,Lnet/simonvt/menudrawer,Lnet/simonvt/menudrawer
Unknown,Lnet/simonvt,Lnet/simonvt
Unknown,Lde/appplant/cordova/plugin/notification,Lde/appplant/cordova/plugin/notification
Unknown,Llombok,Llombok
Unknown,Lorg/apache/mina,Lorg/apache/mina
Millennial Media,Lorg/nexage,Lorg/nexage
Unknown,com/malinskiy,com/malinskiy
Unknown,com/vk/sdk/api,com/vk/sdk/api
Unknown,Lca,Lca
Unknown,Lio/presage/formats/multiwebviews/video,Lio/presage/formats/multiwebviews/video
Unknown,com/cyou/cma/clauncher/d,com/cyou/cma/clauncher/d
Unknown,com/googlecode/mp4parser/authoring/adaptivestreaming,com/googlecode/mp4parser/authoring/adaptivestreaming
Unknown,com/googlecode/mp4parser/authoring/builder,com/coregooglecode/mp4parser/authoring/builder
Unknown,com/seu/magicfilter/utils,com/seu/magicfilter/utils
IronSource,com/ironsource,com/ironsource
Unknown,android/location,android/location
Unknown,android/accounts,android/accounts
Unknown,com/tozny,com/tozny
Unknown,com/securepreferences,com/securepreferences
Unknown,Lorg/joda/convert,Lorg/joda/convert
Unknown,com/intercom/composer,com/intercom/composer
Unknown,com/easyandroidanimations,com/easyandroidanimations
Umeng Update,com/umeng/update,com/umeng/update
Alimama Dev,com/alimama/mobile,com/c/a
Unknown,Lnet/ypresto,Lnet/ypresto
Unknown,Lrx/android,Lrx/android
Unknown,Lnet/roarsoftware/lastfm/cache,com/snappy/appypie/radioStream/lastFm/cache
Unknown,com/linkedin,com/linkedin
Unknown,com/tune,com/tune
Unknown,Lorg/florescu,Lorg/florescu
xunfei,com/iflytek,com/iflytek
iflyteck speech,com/iflytek/speech,com/iflytek/speech
Xunfei(iflytek) Voice,com/iflytek/sunflower,com/iflytek/sunflower
Unknown,com/ta/utdid2/android,com/ta/utdid2/android
Unknown,com/ta/utdid2/core,com/ta/utdid2/core
Unknown,com/qiniu/android/common,com/qiniu/android/common
Unknown,Lorg/qtproject/qt5/android/multimedia,Lorg/qtproject/qt5/android/multimedia
Unknown,Lorg/qtproject/qt5/android/accessibility,Lorg/qtproject/qt5/android/accessibility
Unknown,com/dropbox/core,com/dropbox/core
Unknown,com/yalantis/ucrop/util,com/yalantis/ucrop/d
Unknown,com/splunk/mint/network,com/splunk/mint/network
Unknown,Lb,Lio
Unknown,com/rfm,com/rfm
Unknown,com/tune/ma/campaign,com/tune/ma/campaign
Unknown,com/tune/ma/push,com/tune/ma/push
Unknown,com/tune/ma/analytics,com/tune/ma/analytics
Unknown,com/tune/ma/utils,com/tune/ma/utils
Fyber(SponsorPay),com/sponsorpay,com/sponsorpay
Unknown,com/androidmapsextensions,com/androidmapsextensions
ThreatMetrix,com/threatmetrix,com/yahoo/doubleplay/vibecreation/data
Unknown,com/yahoo/android/slideshow/view,com/yahoo/android/slideshow/view
Unknown,Lim/amomo,Lim/amomo
Unknown,Lorg/jcodec,Lorg/jcodec
Jasonkostempski,com/jasonkostempski,com/jasonkostempski
Google Android Net,com/google/android/net,com/google/android/net
Pollfish,com/pollfish,com/pollfish
EPublib,Lnl/siegmann/epublib,Lnl/siegmann/epublib
Unknown,Lnet/sourceforge,Lnet/sourceforge
Unknown,com/google/android/bitmapfun,com/google/android/bitmapfun
Unknown,Lfi,Lfi
Tapjoy,com/tapjoy,com/tapjoy
Unknown,com/moat/analytics/mobile/tjy,com/moat/analytics/mobile/tjy
Unknown,com/avocarrot/androidsdk/logging,com/avocarrot/androidsdk/logging
Unknown,com/avocarrot/vastparser/model,com/avocarrot/vastparser/model
Umeng feedback,com/umeng/fb,com/umeng/fb
basic-http-client,com/turbomanage/httpclient,com/turbomanage/httpclient
Unknown,Lu/fb,Lu/fb
Apache Log4j,Lorg/apache/log4j,Lorg/apache/log4j
Unknown,com/google/code,com/google/code
xUtils,com/lidroid/xutils,com/lidroid/xutils
Unknown,Lio/vov,Lio/vov
Unknown,Lorg/threeten/bp/format,Lorg/threeten/bp/format
Unknown,Ljp/wasabeef/recyclerview,Ljp/wasabeef/recyclerview
Unknown,Ljp/wasabeef/glide,Ljp/wasabeef/glide
Baidu Map,com/baidu/mapapi,com/baidu/mapapi
Titanium-Modules,Lti/modules/titanium,com/btime/webser/im
Mozilla Universal Detector,Lorg/mozilla/universalchardet,Lorg/mozilla/universalchardet
Unknown,com/mikepenz/fastadapter/adapters,com/mikepenz/fastadapter/adapters
Unknown,com/gigya/socialize/android/ui,com/gigya/socialize/android/ui
Unknown,com/socdm/d/adgeneration/interstitial,com/socdm/d/adgeneration/interstitial
Unknown,Lme/imid,Lme/imid
Unknown,com/yandex/mobile,com/yandex/mobile
Unknown,Lio/netty/handler/codec/http/websocketx/extensions,Lio/netty/handler/codec/http/websocketx/extensions
Unknown,Lio/netty/util/collection,Lio/netty/util/collection
Unknown,com/devspark,com/devspark
Unknown,com/thoughtworks,com/thoughtworks
Unknown,com/afollestad/materialdialogs/color,com/afollestad/materialdialogs/color
JDOM2,Lorg/jdom2,Lorg/jdom2
GreenDroid,Lgreendroid,Lgreendroid
Flurry,com/flurry/org,com/flurry/org
Unknown,com/gau/utils/net/connector,com/gau/utils/net/connector
Unknown,com/gau/go/gostaticsdk/scheduler,com/gau/go/gostaticsdk/scheduler
Unknown,com/gau/go/gostaticsdk/encrypt,com/gau/go/gostaticsdk/encrypt
Unknown,com/jiubang/commerce/chargelocker/holder,com/jiubang/commerce/chargelocker/holder
Unknown,com/jiubang/commerce/ad/cache,com/jiubang/commerce/ad/cache
Unknown,com/jb/ga0/commerce/util/zip,com/jb/ga0/commerce/util/zip
Unknown,com/jb/ga0/commerce/util/thread,com/jb/ga0/commerce/util/thread
Unknown,com/kbeanie/multipicker/core,com/deadmosquitogames/multipicker/core
Unknown,com/kbeanie/multipicker/api/entity,com/deadmosquitogames/multipicker/api/entity
Unknown,com/arlib/floatingsearchview/util/view,com/arlib/floatingsearchview/util/view
Unknown,Lorg/jcodec/containers/mxf,Lorg/jcodec/containers/mxf
Unknown,Lorg/jcodec/containers/mkv,Lorg/jcodec/containers/mkv
Unknown,Lorg/jcodec/movtool/streaming/tracks,Lorg/jcodec/movtool/streaming/tracks
Unknown,Lorg/jcodec/common,Lorg/jcodec/common
Unknown,Lorg/jcodec/codecs/mpeg12,Lorg/jcodec/codecs/mpeg12
Unknown,Lorg/jcodec/codecs/h264,Lorg/jcodec/codecs/h264
Unknown,android/support/wearable/authentication,android/support/wearable/authentication
Unknown,com/zendesk/sdk/support/help,com/zendesk/sdk/support/help
Unknown,com/liulishuo/filedownloader/services,com/liulishuo/filedownloader/services
Unknown,com/jiubang/commerce/daemon,com/jiubang/commerce/daemon
Unknown,com/squareup/leakcanary,com/squareup/leakcanary
Unknown,com/onevcat,com/onevcat
Unknown,com/xiaomi/common,com/xiaomi/common
Unknown,com/xiaomi/channel,com/xiaomi/channel
Unknown,com/hp,com/hp
Unknown,com/umeng/qq,com/umeng/qq
Unknown,com/umeng/a,com/umeng/a
Unknown,com/qiniu,com/qiniu
Unknown,com/getkeepsafe,com/getkeepsafe
Unknown,com/google/android/exoplayer2/extractor,com/google/android/exoplayer2/extractor
Unknown,com/google/android/exoplayer2/source,com/google/android/exoplayer2/source
Afinal,Lnet/tsz/afinal,Lb/a/a
Unknown,Lcn/jpush/a,Lcn/jpush/a
Unknown,com/afollestad/easyvideoplayer,com/afollestad/easyvideoplayer
Unknown,com/mobvista/msdk/base/b,com/mobvista/msdk/base/b
Unknown,com/mobvista/msdk/base/d,com/mobvista/msdk/base/d
Unknown,com/mobvista/msdk/mvnative/a,com/mobvista/msdk/mvnative/a
Unknown,com/plattysoft,com/plattysoft
Unknown,com/cloudtech/ads/tp,com/cloudtech/ads/tp
Unknown,com/cloudtech/ads/view,com/cloudtech/ads/view
Unknown,com/chad/library/adapter/base/listener,com/chad/library/adapter/base/listener
Unknown,com/daimajia/swipe,com/daimajia/swipe
Unknown,com/firebase/client/core/persistence,com/firebase/client/core/persistence
Unknown,com/firebase/client/core/view,com/firebase/client/core/view
Unknown,com/cloudtech/ads/a,com/cloudtech/ads/a
Unknown,com/cloudtech/ads/utils,com/cloudtech/ads/utils
Unknown,com/my/target/core/async/commands,com/my/target/core/async/commands
Unknown,Lm/framework/ui,Lm/framework/ui
Unknown,Lm/framework/utils,Lm/framework/utils
Unknown,Lm/framework/network,Lm/framework/network
Unknown,Lcmn,Lcmn
Unknown,Lde/measite/minidns/dnssec/algorithms,Lde/a/a/c/a
Unknown,Luz,Luz
Unknown,com/dropbox/core/util,com/dropbox/core/util
Unknown,com/dropbox/core/http,com/dropbox/core/http
Unknown,com/apptracker/android/re,com/apptracker/android/re
Unknown,com/apptracker/android/nativead,com/apptracker/android/nativead
Unknown,com/apptracker/android/request,com/apptracker/android/request
Unknown,com/androidnetworking,com/androidnetworking
Unknown,Lit/neokree,Lit/neokree
Mapsforge API,Lorg/mapsforge,Lorg/mapsforge
Appodeal Ads,com/appodeal/ads,com/appodeal/ads
Unknown,com/adobe/creativesdk/foundation/internal/storage/controllers/common,com/adobe/creativesdk/foundation/internal/storage/controllers/common
Unknown,com/adobe/creativesdk/foundation/internal/storage/controllers/libraryedit,com/adobe/creativesdk/foundation/internal/storage/controllers/libraryedit
Unknown,com/adobe/creativesdk/foundation/internal/storage/controllers/multipage,com/adobe/creativesdk/foundation/internal/storage/controllers/multipage
Unknown,com/adobe/creativesdk/foundation/internal/storage/controllers/utils,com/adobe/creativesdk/foundation/internal/storage/controllers/utils
Unknown,com/adobe/creativesdk/foundation/internal/utils/photoview,com/adobe/creativesdk/foundation/internal/utils/photoview
Unknown,com/adobe/creativesdk/foundation/adobeinternal/storage/psd,com/adobe/creativesdk/foundation/adobeinternal/storage/psd
Unknown,com/adobe/creativesdk/foundation/adobeinternal/auth/service,com/adobe/creativesdk/foundation/adobeinternal/auth/service
Unknown,com/alertdialogpro,com/alertdialogpro
Unknown,Lio/card,Lio/card
Unknown,Lit/sephiroth/android/library/exif2,Lit/sephiroth/android/library/exif2
Unknown,Lit/sephiroth/android/library/picasso,Lit/sephiroth/android/library/picasso
Unknown,Lit/sephiroth/android/library/tooltip,Lit/sephiroth/android/library/tooltip
Unknown,Lit/sephiroth/android/library/imagezoom,Lit/sephiroth/android/library/imagezoom
Unknown,Lcn/refactor,Lcn/refactor
Unknown,com/almeros,com/almeros
Unknown,android/support/wearable/view/drawer,android/support/wearable/view/drawer
Aviary photo editing SDK,com/aviary,com/aviary
Unknown,com/pushwoosh,com/pushwoosh
Unknown,com/arellomobile,com/arellomobile
Unknown,Lgithub,Lgithub
Unknown,com/mixpanel/android/mpmetrics,com/mixpanel/android/mpmetrics
Unknown,com/mobvista/msdk/mvnative,com/mobvista/msdk/mvnative
Unknown,Lcn/sharesdk/instagram,Lcn/sharesdk/instagram
Unknown,com/my,com/my
Unknown,com/supersonic/adapters,com/supersonic/adapters
Unknown,com/supersonic/eventsmodule,com/supersonic/eventsmodule
Baidu APP SDK,com/baidu/platform,com/baidu/platform
Unknown,Lvi,Lvi
Unknown,com/afollestad/materialdialogs,com/afollestad/materialdialogs
Unknown,com/nhncorp/nelo2/thrift,com/nhncorp/nelo2/thrift
Unknown,com/nhncorp/nelo2/android/util,com/nhncorp/nelo2/android/util
Unknown,com/nhncorp/nelo2/android/tape,com/nhncorp/nelo2/android/tape
Unknown,com/tnkfactory,com/tnkfactory
Unknown,Ljp/co,com/coolapps
JsonPath,com/jayway/jsonpath,La/a/a
Unknown,Lorg/onepf,Lorg/onepf
Mozilla Rhino,Lorg/mozilla/javascript,Lorg/mozilla/javascript
Unknown,Ljp/naver/common/android/notice/notification/view,Ljp/naver/common/android/notice/notification/view
Unknown,Ljp/line/android/sdk/activity,Ljp/line/android/sdk/activity
Unionpay,com/unionpay/mobile/android,com/unionpay/mobile/android
Unknown,com/alibaba/wireless,com/alibaba/wireless
Unknown,com/noveogroup,com/noveogroup
Unknown,com/qq/e/comm,com/qq/e/comm
Unknown,Lcn/com,Lcn/com
Unknown,com/appboy/ui/inappmessage/listeners,com/appboy/ui/inappmessage/listeners
Unknown,com/microsoft/intune/mam/client/telemetry/commonschema,com/microsoft/intune/mam/client/telemetry/commonschema
Espian ShowcaseView,com/espian/showcaseview,com/espian/showcaseview
Unknown,com/samsung/android/sdk/accessoryfiletransfer,com/samsung/android/sdk/accessoryfiletransfer
Unknown,com/samsung/accessory/safiletransfer,com/samsung/a/a
Unknown,com/tencent/mapsdk/raster,com/tencent/mapsdk/raster
Unknown,com/tencent/mid/b,com/tencent/mid/b
Unknown,com/meizu/cloud/pushsdk/common,com/meizu/cloud/pushsdk/common
Unknown,com/meizu/cloud/pushsdk/networking/http,com/meizu/cloud/pushsdk/networking/http
Unknown,com/meizu/cloud/pushsdk/networking/internal,com/meizu/cloud/pushsdk/networking/internal
Unknown,com/meizu/cloud/pushsdk/util,com/meizu/cloud/pushsdk/util
Unknown,com/qq/taf,com/qq/taf
Unknown,Loicq/wlogin_sdk/sharemem,Loicq/wlogin_sdk/sharemem
Unknown,Loicq/wlogin_sdk/report,Loicq/wlogin_sdk/report
Tencent Login,com/tencent/common,com/tencent/common
Unknown,com/oneaudience,com/oneaudience
Unknown,com/apptentive/android/sdk/util,com/apptentive/android/sdk/util
Unknown,com/crittercism/app,com/crittercism/app
Unknown,com/nononsenseapps,com/nononsenseapps
Unknown,Lme/grantland/widget,com/llapps/corephoto/view/autofittext
image chooser library,com/kbeanie/imagechooser,com/kbeanie/imagechooser
JavaX Servlet API,Ljavax/servlet,Ljavax/servlet
Unknown,com/drew/lang,com/drew/lang
Unknown,com/drew/metadata/exif,com/drew/metadata/exif
Unknown,com/drew/metadata/iptc,com/drew/metadata/iptc
Unknown,com/drew/metadata/xmp,com/drew/metadata/xmp
Unknown,com/amazon/identity/kcpsdk/auth/register,com/amazon/identity/kcpsdk/auth/register
Unknown,com/amazon/identity/kcpsdk/common,com/amazon/identity/kcpsdk/common
Unknown,com/amazon/client/metrics/codec,com/amazon/client/metrics/codec
Seismic,com/squareup/seismic,com/squareup/seismic
Unknown,Linfo/guardianproject/netcipher/proxy,Linfo/guardianproject/netcipher/proxy
Unknown,Linfo/guardianproject/netcipher/client,Linfo/guardianproject/netcipher/client
Unknown,Lagency,Lagency
Unknown,com/kbeanie/multipicker/utils,com/kbeanie/multipicker/utils
Unknown,com/googlecode/mp4parser/boxes/apple,com/googlecode/mp4parser/boxes/apple
Unknown,com/coremedia,com/coremedia
Unknown,com/googlecode,com/googlecode
Unknown,Lio/paperdb,Lio/paperdb
Unknown,com/gc,com/gc
Unknown,com/meetme,com/meetme
Unknown,com/growingio/android/sdk/a,com/growingio/android/sdk/a
Unknown,Lio/presage/finder/model,Lio/presage/finder/model
Unknown,com/mobvista,com/mobvista
Adobe XMP,com/adobe/xmp,com/adobe/xmp
Unknown,Lrate,Lrate
Unknown,com/bugsnag,com/bugsnag
Unknown,com/sun/jna,com/sun/jna
Unknown,com/triggertrap,com/triggertrap
Unknown,com/googlecode/mp4parser/util,com/googlecode/mp4parser/util
Unknown,com/gigya,com/gigya
Unknown,com/sromku/simple/fb/entities,com/sromku/simple/fb/entities
Unknown,com/google/android/exoplayer2/source/b,com/google/android/exoplayer2/source/b
Unknown,android/support/v17/leanback/widget/picker,android/support/v17/leanback/widget/picker
Unknown,com/android/mms,com/tafayor/selfcamerashot/android
Unknown,Lde/tavendo,Lde/tavendo
Unknown,com/fsn/cauly/blackdragoncore/webbridge,com/fsn/cauly/blackdragoncore/webbridge
Unknown,com/fsn/cauly/blackdragoncore/devicemonitor,com/fsn/cauly/blackdragoncore/devicemonitor
Unknown,android/support/v4/view/a,Ll
Unknown,com/googlecode/mp4parser/boxes/cenc,com/googlecode/mp4parser/boxes/cenc
Unknown,com/googlecode/mp4parser/authoring/tracks/h265,com/googlecode/mp4parser/authoring/tracks/h265
Unknown,com/googlecode/mp4parser/authoring/tracks/h264,com/googlecode/mp4parser/authoring/tracks/h264
Unknown,com/googlecode/mp4parser/authoring/tracks/webvtt,com/googlecode/mp4parser/authoring/tracks/webvtt
Unknown,com/layer/sdk/lsdka/lsdke/lsdkb,com/layer/sdk/internal/lsdke/lsdkb
Unknown,com/layer/sdk/lsdka/lsdkf,com/layer/sdk/internal/lsdkf
Unknown,com/layer/sdk/lsdka/lsdkk/lsdkc,com/layer/sdk/internal/lsdkk/lsdkc
android widget,android/widget,android/widget
Unknown,com/googlecode/mp4parser/boxes/microsoft,com/googlecode/mp4parser/boxes/microsoft
Unknown,com/vk/sdk/api/httpClient,com/vk/sdk/api/httpClient
Unknown,La/a/a/a/i,La/a/a/a/i
Unknown,Lorg/altbeacon/beacon/service/scanner,com/wirelessregistry/observersdk/altbeacon/beacon/service/scanner
Unknown,com/chad,com/chad
Unknown,Lmp/lib/model,Lmp/lib/model
Unknown,Lco/mobiwise,Lco/mobiwise
Unknown,com/google/auto,com/google/auto
Unknown,Lorg/xwalk,Lorg/xwalk
Unknown,Lafzkl/development/colorpickerview,Lafzkl/development/colorpickerview
Unknown,Lcl,Lcl
skplanet,com/skplanet,com/skplanet
Unknown,com/netease/nimlib/p,com/netease/nimlib/q
Unknown,Lorg/opencv,Lorg/opencv
Unknown,com/isseiaoki,com/isseiaoki
Unknown,Lio/reactivex/internal/util,Lio/reactivex/internal/util
Unknown,com/karumi,com/karumi
Nexage SourceKit-MRAID(part of MillennialMedia),Lorg/nexage/sourcekit/mraid,Lnet/pubnative/lite/sdk/mraid
Unknown,com/tealium/collect,com/tealium/a
Unknown,com/tealium/internal/a,com/tealium/internal/a
Unknown,com/tealium/internal/tagbridge,com/tealium/internal/e
Unknown,com/secrethq,com/secrethq
Unknown,com/amplitude/api,com/amplitude/api
Unknown,Lio/intercom/com/bumptech,Lio/intercom/com/bumptech
Unknown,com/androidsx,com/androidsx
SlidingMenu,com/slidingmenu,com/slidingmenu
Unknown,Lorg/xutils,Lorg/xutils
Unknown,com/yahoo/android/sharing/layout,com/yahoo/android/sharing/layout
Unknown,com/bigkoo/pickerview/lib,com/bigkoo/pickerview/lib
Unknown,com/tencent/mobileqq,com/tencent/mobileqq
Unknown,com/bm,com/bm
Unknown,com/evernote,com/evernote
Unknown,com/a/c,com/b/c
Unknown,Lorg/eclipse,Lorg/eclipse
Unknown,Lio/presage,Lio/presage
Unknown,Lshared_presage/com/google,Lshared_presage/com/google
Unknown,Lshared_presage/com/loopj,Lshared_presage/com/loopj
Unknown,Lshared_presage/org,Lshared_presage/org
Unknown,com/googlecode/mp4parser/authoring/samples,com/c/a/a/b
Unknown,com/my/target/core/models,com/my/target/a/h
Unknown,com/taobao/weex/ui/view/refresh/circlebar,com/taobao/weex/ui/view/refresh/circlebar
Unknown,com/suke,com/suke
Unknown,Lorg/opencv/android,Lorg/opencv/android
Unknown,Lagency/tango/materialintroscreen/widgets,Lagency/tango/materialintroscreen/widgets
Unknown,com/kobakei,com/b
Unknown,com/octo,com/octo
Unknown,com/pnikosis/materialishprogress,com/zentertain/common/customview
Unknown,com/adobe/mobile,com/adobe/mobile
Unknown,Lmp,Lmp
Unknown,com/aduwant,com/aduwant
Unknown,com/avos,com/avos
Unknown,com/pingstart,com/pingstart
Unknown,Luk/co/deanwild,Luk/co/deanwild
Unknown,com/ijoysoft/adv,com/ijoysoft/adv
Unknown,com/dropbox/core/android,com/dropbox/core/android
Unknown,com/in2wow/sdk/i/a,com/in2wow/sdk/h/a
JCIFS,Ljcifs,Ljcifs
Java Secure Channel,com/jcraft/jsch,com/jcraft/jsch
Unknown,com/eftimoff,com/eftimoff
Unknown,Ljp/wasabeef/picasso,Ljp/wasabeef/picasso
Unknown,Lorg/eclipse/jetty/util/security,Lorg/eclipse/jetty/util/security
Opencsv,Lau/com/bytecode/opencsv,Lau/com/bytecode/opencsv
Unknown,com/drew,com/drew
Unknown,Ljp/naver/common/android/notice/handler,Ljp/naver/common/android/notice/handler
Unknown,Lnet/rdrei,Lnet/rdrei
Unknown,com/dropbox/core/json,com/dropbox/core/json
Unknown,com/android/network,com/android/network
Baidu Frontia,com/baidu/frontia,com/baidu/a
Unknown,com/baidu/vi,com/baidu/vi
Unknown,com/unionpay/client3,com/unionpay/client3
Unknown,Lcn/gov,Lcn/gov
Unknown,Lorg/cybergarage/xml,Lorg/cybergarage/xml
Unknown,Lorg/altbeacon/beacon/service,Lorg/altbeacon/beacon/service
Unknown,com/cleanmaster/base/crash/util,com/cleanmaster/base/crash/util
Unknown,com/mobvista/msdk/base/utils,com/mobvista/msdk/base/utils
Unknown,com/alibaba/appmonitor/event,com/alibaba/appmonitor/event
Unknown,android/taobao/windvane/packageapp/cleanup,android/taobao/windvane/packageapp/a
Unknown,com/networkbench/com,com/networkbench/com
Unknown,com/networkbench/agent/impl/tracing,com/networkbench/agent/impl/tracing
Unknown,com/braintreepayments/api/dropin,com/braintreepayments/api/dropin
Unknown,com/braintreepayments/cardform/utils,com/braintreepayments/cardform/utils
Unknown,com/gun0912,com/gun0912
Unknown,com/couchbase/lite/internal,com/couchbase/lite/internal
Unknown,Lau,Lau
KIIP Mobile Ads,Lme/kiip,Lme/kiip
Unknown,Lorgxn/fusesource,Lorg/a
Unknown,Lpub,Lpub
Unknown,Lantlr,Lantlr
Unknown,Ljdbm,Ljdbm
Unknown,Lorg/apache/oro,Lorg/apache/oro
Unknown,com/simplecityapps,com/simplecityapps
Unknown,Lio/codetail,Lio/codetail
Unknown,com/quinny898,com/quinny898
Unknown,com/orangegangsters,com/orangegangsters
Unknown,com/vk,com/vk
Unknown,Lar,Lar
Unknown,com/airbnb/deeplinkdispatch,com/airbnb/deeplinkdispatch
Unknown,Lorg/apache/tools/tar,Lorg/apache/tools/tar
Unknown,com/dianxinos/lazyswipe/b,com/dianxinos/lazyswipe/b
Unknown,com/avocarrot/vastparser,com/avocarrot/vastparser
Unknown,Lorg/lasque/tusdk/modules,Lorg/lasque/tusdk/modules
Unknown,Lorg/lasque/tusdk/impl/components/widget/smudge,Lorg/lasque/tusdk/impl/components/widget/smudge
Unknown,Lcn/iwgang,Lcn/iwgang
Unknown,com/baidu/a,com/baidu/mapframework
Unknown,Ljavassist,Ljavassist
Unknown,com/transitionseverywhere,com/transitionseverywhere
Unknown,com/uc/webview/export/utility,com/uc/webview/export/utility
Unknown,com/jfeinstein,com/jfeinstein
Unknown,com/layer/lsdka,com/layer/lsdka
Unknown,com/layer/sdk/lsdka/lsdkc,com/layer/sdk/lsdka/lsdkc
Nuance Speech Kit Library,com/nuance,com/nuance
Unknown,Lnet/minidev,Lnet/minidev
Unknown,com/appeaser/sublimepickerlibrary/drawables,com/appeaser/sublimepickerlibrary/drawables
Unknown,com/appeaser/sublimepickerlibrary/utilities,com/appeaser/sublimepickerlibrary/utilities
Unknown,com/admarvel/android/ads/internal/network,com/admarvel/android/ads/internal/b
Unknown,com/admarvel/android/ads/internal/jsinterfaces,com/admarvel/android/ads/internal/jsinterfaces
Unknown,com/admarvel/android/ads/internal/util,com/admarvel/android/ads/internal/util
Unknown,com/admarvel/android/ads/nativeads,com/admarvel/android/ads/nativeads
igaworks,com/igaworks,com/igaworks
Unknown,com/qiniu/pili/droid/streaming/strategy,com/qiniu/pili/droid/streaming/f
Unknown,com/pili,com/pili
Unknown,com/umeng/facebook/share/internal,com/umeng/facebook/share/internal
Unknown,com/umeng/facebook/share/model,com/umeng/facebook/share/model
Unknown,Lmaster/flame/danmaku/ui,Lmaster/flame/danmaku/ui
Unknown,com/gae,com/gae
Unknown,com/splunk/mint/network/io,com/splunk/mint/network/b
Unknown,com/splunk/mint/network/http,com/splunk/mint/network/a
Unknown,com/android/camera,com/android/camera
Unknown,Lio/presage/services,Lio/presage/services
Unknown,Lio/presage/utils/if,Lio/presage/utils/do
Unknown,Lio/presage/receivers,Lio/presage/receivers
Unknown,com/adscendmedia/sdk/rest/model,com/adscendmedia/sdk/rest/model
Unknown,com/avocarrot,com/avocarrot
Amazon In-App Purchasing,com/amazon/inapp,com/amazon/inapp
Unknown,com/eclipsesource,com/eclipsesource
Unknown,com/kount,com/kount
Unknown,com/braintreepayments/api/internal,com/braintreepayments/api/internal
Unknown,com/rateus,com/rateus
Unknown,com/ideaworks3d/marmalade/s3eAndroidGooglePlayBilling,com/ideaworks3d/marmalade/s3eAndroidGooglePlayBilling
Unknown,com/mediabrix/android/service/e,com/mediabrix/android/service/scripting
Unknown,com/adobe/android,com/adobe/android
Unknown,Lde/measite,Lde/measite
Unknown,Lorg/jxmpp,Lorg/jxmpp
Unknown,com/kddi/market/alml/service,com/kddi/market/alml/service
Unknown,com/getbase/floatingactionbutton,Lvlmedia/core/floatingactionbutton
Unknown,com/fourmob,com/fourmob
Unknown,com/sleepbot,com/sleepbot
Unknown,Lorg/strongswan/android/logic/imc,Lus/gospeed/speedvpn/logic/imc
Unknown,com/synconset,com/synconset
Unknown,com/nordnetab,com/nordnetab
Unknown,com/braintreepayments/api/dropin/view,com/braintreepayments/api/dropin/view
Unknown,com/imagepicker,com/imagepicker
TapDaq Android SDK,com/tapdaq/sdk,com/tapdaq/sdk
Unknown,com/integralads/avid/library/inmobi,com/integralads/avid/library/inmobi
Unknown,com/mediabrix/android/service/geography,com/mediabrix/android/service/geography
Unknown,com/mediabrix/android/service/scripting,com/mediabrix/android/service/scripting
Unknown,com/freshdesk/hotline/tasks,com/freshdesk/hotline/tasks
Appcelerator,Lorg/appcelerator,Lorg/appcelerator
Unknown,com/appcelerator,com/appcelerator
Andengine Game Engine,Lorg/anddev/andengine,Lorg/anddev/andengine
Unknown,Lit/gmariotti/changelibs,Lit/gmariotti/changelibs
Unknown,Ldroidninja/filepicker/views,Ldroidninja/filepicker/views
Unknown,com/common,com/common
Unknown,com/flask,com/flask
JTS Topology Suite,com/vividsolutions/jts,com/vividsolutions/jts
Unknown,com/vividsolutions/jtsexample,com/vividsolutions/jtsexample
Unknown,Lorg/codechimp,Lorg/b
Unknown,Lnet/adxmi/android/b/a/g/f,Lnet/adxmi/android/b/a/g/f
Unknown,Lnet/adxmi/android/b/a/j,Lnet/adxmi/android/b/a/j
Unknown,Lnet/adxmi/android/video,Lnet/adxmi/android/video
Unknown,com/nativex,com/nativex
Unknown,com/loopme/adbrowser,com/loopme/adbrowser
Unknown,com/yalantis/ucrop/view/widget,com/yalantis/ucrop/view/widget
Unknown,com/nativex/network,com/nativex/network
Unknown,com/nativex/videoplayer,com/nativex/videoplayer
Unknown,com/nativex/common,com/nativex/common
Unknown,com/nativex/monetization/manager,com/nativex/monetization/manager
Unknown,com/nativex/volleytoolbox,com/nativex/volleytoolbox
Unknown,com/ta/utdid2/c,com/b/a/b
Unknown,Lorg/webrtc,Lorg/webrtc
Unknown,Lorg/droidparts/persist/sql,Lorg/droidparts/persist/sql
Unknown,Lorg/droidparts/bus,Lorg/droidparts/bus
Unknown,Lorg/droidparts/net,Lorg/droidparts/net
Unknown,Lorg/droidparts/inner/reader,Lorg/droidparts/inner/reader
Unknown,Lorg/droidparts/util,Lorg/droidparts/util
Unknown,com/swrve/sdk/qa,com/swrve/sdk/d
Unknown,com/qiniu/pili/droid/streaming/zeus,com/qiniu/pili/droid/streaming/zeus
Unknown,com/cmcm,com/cmcm
Unknown,com/rd,com/rd
Unknown,com/daimajia/slider,com/daimajia/slider
Unknown,com/tencent/feedback,com/tencent/feedback
Unknown,com/splunk,com/splunk
Unionpay TSM(Trusted Service Management),com/unionpay/tsmservice,com/unionpay/tsmservice
Unknown,com/unionpay/mobile/tsm,com/unionpay/mobile/tsm
Unknown,com/moat/analytics/mobile/glft,com/moat/analytics/mobile/loo
Unknown,Lorg/crosswalk,Lorg/crosswalk
Unknown,com/rjfun/cordova/ad,com/rjfun/cordova/ad
Unknown,com/mobvista/msdk/base/b/a,com/mobvista/msdk/base/b/a
Unknown,Lio/intercom/android/sdk/blocks/models,Lio/intercom/android/sdk/blocks/models
Unknown,Lio/intercom/android/sdk/nexus,Lio/intercom/android/sdk/nexus
Unknown,Lio/intercom/android/sdk/Inbox,Lio/intercom/android/sdk/Inbox
Unknown,Lio/intercom/android/sdk/api,Lio/intercom/android/sdk/api
Unknown,Lio/intercom/android/sdk/identity,Lio/intercom/android/sdk/identity
Unknown,Lio/intercom/android/sdk/models,Lio/intercom/android/sdk/models
Unknown,com/adobe/phonegap,com/adobe/phonegap
Unknown,Lme/nereo,Lme/nereo
Unknown,com/pixplicity,com/pixplicity
Unknown,com/gc/materialdesign/widgets,com/gc/materialdesign/widgets
Unknown,com/pushwoosh/location,com/pushwoosh/location
Unknown,com/pushwoosh/thirdparty,com/pushwoosh/thirdparty
Unknown,Lorg/jcodec/containers,Lorg/jcodec/containers
Unknown,Lorg/jcodec/movtool,Lorg/jcodec/movtool
Unknown,Lorg/jcodec/codecs,Lorg/jcodec/codecs
Unknown,com/drew/metadata/icc,com/drew/metadata/icc
Unknown,Ladyen,Ladyen
Unknown,Lru,Lru
Unknown,com/litesuits,com/litesuits
Unknown,com/beloo,com/beloo
Unknown,com/seattleclouds/mbfx,com/seattleclouds/mbfx
Unknown,com/seattleclouds/scm,com/seattleclouds/scm
Unknown,com/seattleclouds/ads,com/seattleclouds/ads
Unknown,com/seattleclouds/c,com/seattleclouds/c
Unknown,com/seattleclouds/b,com/seattleclouds/b
Unknown,com/seattleclouds/e,com/seattleclouds/d
Unknown,com/seattleclouds/location/geofencing,com/seattleclouds/location/geofencing
Unknown,com/seattleclouds/f,com/seattleclouds/e
Unknown,com/seattleclouds/paypal,com/seattleclouds/paypal
Unknown,com/seattleclouds/widget,com/seattleclouds/widget
Unknown,com/seattleclouds/previewer/appmart/order/colorpicker,com/seattleclouds/previewer/appmart/order/colorpicker
Unknown,com/seattleclouds/previewer/appmart/order/a,com/seattleclouds/previewer/appmart/order/a
Unknown,com/seattleclouds/modules/locationlock,com/seattleclouds/modules/locationlock
Unknown,com/seattleclouds/modules/messenger,com/seattleclouds/modules/messenger
Unknown,com/seattleclouds/modules/goaltracker,com/seattleclouds/modules/goaltracker
Unknown,com/seattleclouds/modules/signaturestamp,com/seattleclouds/modules/signaturestamp
Unknown,com/seattleclouds/modules/cameracover,com/seattleclouds/modules/cameracover
Unknown,com/qbiki/modules/savephoto,com/seattleclouds/modules/savephoto
Unknown,com/seattleclouds/modules/dropbox,com/seattleclouds/modules/dropbox
Unknown,com/seattleclouds/modules/mosaic,com/seattleclouds/modules/mosaic
Unknown,com/seattleclouds/modules/pollpage,com/seattleclouds/modules/pollpage
Unknown,com/seattleclouds/modules/podcast,com/seattleclouds/modules/podcast
Unknown,com/seattleclouds/modules/videolist,com/seattleclouds/modules/videolist
Unknown,com/seattleclouds/modules/rsspro,com/seattleclouds/modules/rsspro
Unknown,com/seattleclouds/modules/peopledirectory,com/seattleclouds/modules/peopledirectory
Unknown,com/seattleclouds/modules/gcmtopics,com/seattleclouds/modules/gcmtopics
Unknown,com/qbiki/modules/nativetetris,com/seattleclouds/modules/nativetetris
Unknown,com/seattleclouds/modules/q,com/seattleclouds/modules/q
Unknown,com/seattleclouds/modules/epubreader,com/seattleclouds/modules/epubreader
Unknown,com/seattleclouds/modules/r,com/seattleclouds/modules/r
Unknown,com/seattleclouds/modules/dynamiclist,com/seattleclouds/modules/dynamiclist
Unknown,com/qbiki/modules/slotmachine,com/seattleclouds/modules/w
Unknown,com/seattleclouds/modules/t,com/seattleclouds/modules/t
Unknown,com/seattleclouds/modules/puzzle,com/seattleclouds/modules/puzzle
Unknown,com/seattleclouds/modules/rateandreview,com/seattleclouds/modules/rateandreview
Unknown,com/seattleclouds/modules/magazinestore,com/seattleclouds/modules/magazinestore
Unknown,com/seattleclouds/modules/c,com/seattleclouds/modules/c
Unknown,com/seattleclouds/modules/a,com/seattleclouds/modules/a
Unknown,com/seattleclouds/modules/d,com/seattleclouds/modules/d
Unknown,com/seattleclouds/modules/m,com/seattleclouds/modules/m
Unknown,com/supersonic/environment,com/supersonic/environment
Unknown,com/taobao/hotpatch,com/taobao/hotpatch
Unknown,Lme/drakeet,Lme/drakeet
Unknown,Lorg/chromium/content/browser/accessibility,Lorg/chromium/content/browser/accessibility
Unknown,Lorg/eclipse/jetty/util/component,Lorg/eclipse/jetty/util/component
Unknown,Lorg/eclipse/jetty/util/ajax,Lorg/eclipse/jetty/util/ajax
Unknown,Lorg/eclipse/jetty/http,Lorg/eclipse/jetty/http
Unknown,com/jumio/core/environment,com/jumio/core/environment
Unknown,com/nativex/monetization/theme,com/nativex/monetization/theme
Unknown,com/pushwoosh/inapp,com/pushwoosh/inapp
Unknown,com/pushwoosh/richpages,com/pushwoosh/richpages
Unknown,com/arlib,com/arlib
Unknown,com/journeyapps/barcodescanner/a,com/journeyapps/barcodescanner/camera
Unknown,Lorg/videolan/libvlc,Lorg/videolan/libvlc
Unknown,com/kaopiz,com/kaopiz
Unknown,com/amplitude,com/amplitude
Unknown,Llecho/lib/hellocharts/model,Llecho/lib/hellocharts/model
Unknown,Llecho/lib/hellocharts/animation,Llecho/lib/hellocharts/animation
Unknown,com/borismus,com/borismus
Unknown,android/taobao/windvane/view,android/taobao/windvane/view
Unknown,android/taobao/windvane/connect,android/taobao/windvane/connect
Unknown,android/taobao/windvane/cache,android/taobao/windvane/cache
Unknown,android/taobao/windvane/urlintercept,android/taobao/windvane/urlintercept
Unknown,com/silvermob,com/silvermob
Mob SMS SDK,Lcn/smssdk,Lcn/smssdk
Unknown,com/instabug/library/internal/view,com/instabug/library/internal/view
Unknown,com/roughike,com/roughike
Unknown,com/tnkfactory/framework,com/tnkfactory/framework
Unknown,com/kakao,com/kakao
Unknown,com/braintreepayments/cardform,com/braintreepayments/cardform
Unknown,com/appeaser/sublimepickerlibrary/common,com/appeaser/sublimepickerlibrary/common
Unknown,com/microsoft/office/msohttp/standardauth,com/microsoft/office/msohttp/standardauth
Unknown,Lorg/videolan,Lorg/videolan
AurelienRibon Animation Library,Laurelienribon,Laurelienribon
Unknown,com/autonavi/ae/gmap/utils,com/autonavi/ae/gmap/utils
Iflytek Thirdparty,com/iflytek/thirdparty,com/iflytek/thirdparty
Unknown,com/ypyproductions,com/ypyproductions
Unknown,com/my/target/core/engines,com/my/target/core/engines
Unknown,Lorg/videolan/libvlc/util,Lorg/videolan/libvlc/util
Unknown,com/enhance,com/enhance
Unknown,com/sdkbox/plugin/util,com/sdkbox/plugin/util
Unknown,Lorg/cloudinary,Lorg/cloudinary
Unknown,com/googlecode/mp4parser/authoring/tracks,com/googlecode/mp4parser/authoring/tracks
Unknown,com/apptracker,com/apptracker
Unknown,com/devbrackets/android/exomedia/widget,com/devbrackets/android/exomedia/widget
Unknown,Lorg/xwalk/core/extension,Lorg/xwalk/core/extension
ini4j,Lorg/ini4j,Lorg/ini4j
Unknown,android/support/v17/leanback/graphics,android/support/v17/leanback/graphics
Unknown,android/support/v17/leanback/transition,android/support/v17/leanback/transition
Unknown,android/support/v17/preference,android/support/v17/preference
Unknown,com/drew/metadata,com/drew/metadata
Unknown,com/lampa,com/lampa
Unknown,Lc/m/x/a/ep,Lc/m/x/a/ep
Tapit,com/tapit,com/tapit
Unknown,com/lifestreet/android/lsmsdk/vast/toolbar,com/lifestreet/android/lsmsdk/vast/toolbar
Unknown,com/androidnative,com/androidnative
Unknown,Lc/m/x/a/gv,Lc/m/x/a/gv
Unknown,Lnet/daum,Lnet/daum
Unknown,com/squareup/javawriter,com/squareup/javawriter
Unknown,Lorg/bytedeco/javacpp/indexer,Lorg/bytedeco/javacpp/indexer
Unknown,com/microsoft/bond,com/microsoft/bond
AdBuddiz,com/purplebrain/adbuddiz,com/purplebrain/adbuddiz
Unknown,Lio/intercom/android/sdk/views/holder,Lio/intercom/android/sdk/views/holder
Unknown,Lio/intercom/android/sdk/commons,Lio/intercom/android/sdk/commons
Unknown,com/initialxy,com/initialxy
Unknown,Loicq/wlogin_sdk/tools,Loicq/wlogin_sdk/tools
Unknown,com/aerserv/sdk/model/vast,com/aerserv/sdk/model/vast
Unknown,com/aerserv/sdk/view/vastplayer,com/aerserv/sdk/view/vastplayer
Unknown,com/yoyogames,com/yoyogames
QihooPP Framework,com/qihoopp/framework,com/sony/scalar/webapi/service/avcontent/v1_3
Unknown,Lorg/eclipse/jetty/util/ssl,Lorg/eclipse/jetty/util/ssl
Unknown,Lorg/eclipse/jetty/io,Lorg/eclipse/jetty/io
Unknown,Loicq/wlogin_sdk/a,Loicq/wlogin_sdk/a
Unknown,com/avocarrot/json2view,com/avocarrot/json2view
JavaX jmDNS library,Ljavax/jmdns,Ljavax/jmdns
Unknown,com/amazon/whisperlink/devicepicker,com/amazon/whisperlink/devicepicker
Unknown,com/amazon/whisperlink/impl,com/amazon/whisperlink/impl
Unknown,com/amazon/whisperlink/android,com/amazon/whisperlink/android
Unknown,com/amazon/whisperlink/internal/verifier,com/amazon/whisperlink/internal/verifier
Unknown,com/amazon/whisperlink/service/state,com/amazon/whisperlink/service/state
Unknown,com/amazon/whisperlink/thrift,com/amazon/whisperlink/thrift
Unknown,com/amazon/whisperlink/services,com/amazon/whisperlink/services
Unknown,com/amazon/whisperlink/platform,com/amazon/whisperlink/platform
Unknown,Lorg/eclipse/jetty/server/bio,Lorg/eclipse/jetty/server/bio
Unknown,Lorg/wysaid/texUtils,Lorg/wysaid/texUtils
Unknown,com/ooyala/android/player,com/ooyala/android/player
Unknown,com/ooyala/android/ads,com/ooyala/android/ads
Unknown,com/ooyala/android/ui,com/ooyala/android/ui
Unknown,com/ooyala/android/captions,com/ooyala/android/captions
Unknown,com/ooyala/android/item,com/ooyala/android/item
Unknown,La/a/a/a/b,Lcz/msebera/android/httpclient/client
Unknown,com/adobe/ave,com/adobe/ave
Unknown,com/cmcm/picks/internal/c,com/cmcm/picks/internal/loader
Unknown,Lorg/reflections,Lorg/reflections
Everyplay,com/everyplay,com/everyplay
Unknown,com/appboy/ui/support,com/appboy/ui/support
Unknown,com/helpshift/support/adapters,com/helpshift/support/adapters
Unknown,com/hutchind,com/hutchind
Unknown,com/appboy/ui,com/appboy/ui
Unknown,com/vk/sdk/payments,com/vk/sdk/payments
Unknown,com/connectsdk/device,com/connectsdk/device
Unknown,com/connectsdk/service/webos,com/connectsdk/service/webos
Unknown,com/connectsdk/service/upnp,com/connectsdk/service/upnp
Unknown,com/connectsdk/service/sessions,com/connectsdk/service/sessions
Unknown,com/connectsdk/service/airplay,com/connectsdk/service/airplay
Unknown,com/connectsdk/service/netcast,com/connectsdk/service/netcast
Unknown,com/connectsdk/etc,com/connectsdk/etc
Unknown,com/sdsmdg,com/sdsmdg
Unknown,com/amazon/whisperplay/fling/media,com/amazon/whisperplay/fling/media
Unknown,com/amazon/whisperlink/internal,com/amazon/whisperlink/internal
Unknown,com/amazon/whisperlink/service,com/amazon/whisperlink/service
Unknown,Lorg/markdown4j,Lorg/markdown4j
Unknown,Lorg/chromium/device/bluetooth,Lorg/chromium/device/bluetooth
Unknown,Lorg/chromium/device/usb,Lorg/chromium/device/usb
Unknown,Lorg/chromium/content/common,Lorg/chromium/content/common
Unknown,Lorg/chromium/content/browser/accessibility/captioning,Lorg/chromium/content/browser/accessibility/captioning
Unknown,Lorg/chromium/base/library_loader,Lorg/chromium/base/library_loader
Unknown,Lorg/chromium/media/midi,Lorg/chromium/media/midi
Unknown,Lorg/fourthline/cling/android,Lorg/fourthline/cling/android
Unknown,Lorg/fourthline/cling/registry,Lorg/fourthline/cling/registry
Unknown,Lorg/fourthline/cling/model/message,Lorg/fourthline/cling/model/message
Unknown,Lorg/fourthline/cling/transport,Lorg/fourthline/cling/transport
Unknown,Lorg/fourthline/cling/model/gena,Lorg/fourthline/cling/model/gena
Unknown,Lorg/fourthline/cling/binding,Lorg/fourthline/cling/binding
Unknown,Lorg/eclipse/jetty/servlet,Lorg/a/a/g
Unknown,Lorg/eclipse/jetty/client,Lorg/a/a/a
Unknown,Lorg/seamless,Lorg/c
Unknown,com/secondfury,com/secondfury
Unknown,Ltv/superawesome/lib/savideoplayer,Ltv/superawesome/lib/savideoplayer
Unknown,com/lcodecore/tkrefreshlayout/header,com/lcodecore/tkrefreshlayout/header
Unknown,com/cc/promote/service,com/cc/promote/service
Unknown,com/thin,com/thin
Unknown,Lcordova,Lcordova
Unknown,Lnl/xservices/plugins/accessor,Lnl/xservices/plugins/accessor
Unknown,com/rockerhieu,com/rockerhieu
Unknown,Lmobi/infolife/ezweather/widget/common/com,Lmobi/infolife/ezweather/widget/common/com
Unknown,Lmobi/infolife/ezweather/widget/common/mulWidget/taskManager,Lmobi/infolife/ezweather/widget/common/mulWidget/taskManager
Unknown,com/octo/android/robospice/persistence,com/octo/android/robospice/persistence
Unknown,com/xinmei365,com/xinmei365
Unknown,Lorg/stagex/danmaku/player,Lorg/stagex/danmaku/player
Unknown,Lorg/stagex/danmaku/adapter,Lorg/stagex/danmaku/adapter
Unknown,Lorg/fourthline/cling/protocol/async,Lorg/fourthline/cling/protocol/async
Unknown,com/purplebrain,com/purplebrain
Unknown,Lorg/roboguice,Lorg/roboguice
Unknown,com/octo/android/robospice/request,com/octo/android/robospice/request
Unknown,Lio/nlopez/smartlocation/geocoding,Lio/nlopez/smartlocation/geocoding
Unknown,com/soomla/keeva,com/soomla/keeva
Unknown,com/miniclip/mcgoliath,com/miniclip/mcgoliath
Unknown,com/helpshift/dex,com/helpshift/dex
Unknown,Lio/agora,Lio/agora
Unknown,com/doodlemobile/gamecenter/cache,com/doodlemobile/gamecenter/cache
Unknown,com/doodlemobile/gamecenter/net,com/doodlemobile/gamecenter/net
Unknown,com/doodlemobile/gamecenter/event,com/doodlemobile/gamecenter/event
Unknown,com/doodlemobile/gamecenter/billing,com/doodlemobile/gamecenter/billing
Unknown,com/doodlemobile/gamecenter/moregames,com/doodlemobile/gamecenter/moregames
Unknown,com/androidnative/gms,com/androidnative/gms
Unknown,com/androidnative/billing,com/androidnative/billing
Unknown,com/google/example,com/google/example
Unknown,com/navercorp,com/navercorp
Unknown,com/wellbia,com/wellbia
Unknown,com/nhn,com/nhn
Amazon Analytics,com/amazon/insights,com/amazon/insights
Amazon Game Studios,com/amazon/ags,com/amazon/ags
Unknown,Lnet/londatiga,Lnet/londatiga
Unknown,com/helpshift/res,com/helpshift/res
Unknown,com/helpshift/app,com/helpshift/app
Unknown,com/helpshift/customadapters,com/helpshift/customadapters
Unknown,com/AdX,com/AdX
Unknown,com/nanigans,com/nanigans
Unknown,com/doodlemobile/gamecenter/featuregames,com/doodlemobile/gamecenter/featuregames
Unknown,Ltv/ouya,Ltv/ouya
Unknown,com/helpshift,com/helpshift
Unknown,com/helpshift/support/search,com/helpshift/support/search
Unknown,com/ljoy/chatbot/net,com/ljoy/chatbot/net
Unknown,Lio/nlopez/smartlocation/location,Lio/nlopez/smartlocation/location
Unknown,Lio/nlopez/smartlocation/geofencing,Lio/nlopez/smartlocation/geofencing
Unknown,com/lb,com/lb
Unknown,com/tabtale/xmlwise,com/tabtale/xmlwise
Unknown,com/unity/purchasing/googleplay,com/unity/purchasing/googleplay
Unknown,com/glympse/android/hal/utils,com/glympse/android/hal/a
Unknown,Lkr/co/nexon/android/sns/nxnet,Lkr/co/nexon/android/sns/nxnet
Unknown,Lkr/co/nexon/android/sns/legoid,Lkr/co/nexon/android/sns/legoid
MOGAanywhere,com/bda/controller,com/bda/controller
Unknown,com/squareup/javapoet,com/squareup/javapoet
Unknown,com/hyprmx,com/hyprmx
Unknown,Lc/m/x/a/iab,Lc/m/x/a/iab
Unknown,com/milkmangames/extensions/android/goviral,com/milkmangames/extensions/android/goviral
Unknown,com/jjoe64,com/jjoe64
Unknown,com/fusepowered/vast/util,com/upsight/mediation/vast/util
Unknown,com/smrtbeat,com/smrtbeat
Unknown,com/bee7/sdk/common/event,com/bee7/sdk/common/event
Unknown,com/bee7/sdk/adunit/exoplayer,com/bee7/sdk/adunit/exoplayer
Unknown,com/outfit7/repackaged,com/outfit7/repackaged
Unknown,com/outfit7/talkingfriends/vg,com/outfit7/talkingfriends/vg
Unknown,com/outfit7/talkingfriends/gui/view,com/outfit7/talkingfriends/gui/view
Unknown,com/outfit7/talkingfriends/ad/custom,com/outfit7/talkingfriends/ad/custom
Unknown,com/outfit7/talkingfriends/ad/video,com/outfit7/talkingfriends/ad/video
Unknown,com/outfit7/funnetworks/ui/dialog,com/outfit7/funnetworks/ui/dialog
Unknown,com/outfit7/funnetworks/ui/event,com/outfit7/funnetworks/ui/event
Unknown,com/outfit7/funnetworks/promo,com/outfit7/funnetworks/promo
Unknown,com/google/android/bee7,com/google/android/bee7
Unknown,Lo7/org/nexage/sourcekit/util,Lo7/org/nexage/sourcekit/util
Unknown,Lo7/org/nexage/sourcekit/vast/model,Lo7/org/nexage/sourcekit/vast/model
Unknown,com/androidnative/gcm,com/androidnative/gcm
Unknown,com/androidnative/features,com/androidnative/features
Unknown,com/google/games,com/google/games
Unknown,com/ruudlenders,com/ruudlenders
Unknown,com/soomla/unity,com/soomla/unity
Unknown,com/soomla/rewards,com/soomla/rewards
Unknown,com/soomla/store/domain,com/soomla/store/domain
Unknown,Lfreemarker/template,Lfreemarker/template
Unknown,com/androidnative/gms/core,com/androidnative/gms/core
Unknown,com/voxelbusters/nativeplugins/utilities,com/voxelbusters/nativeplugins/utilities
Unknown,com/voxelbusters/nativeplugins/features/gameservices,com/voxelbusters/nativeplugins/features/gameservices
Unknown,com/voxelbusters/nativeplugins/features/ui,com/voxelbusters/nativeplugins/features/ui
Unknown,Lorg/jboss,Lorg/jboss
Unknown,com/microsoft/telemetry,com/microsoft/telemetry
Unknown,LMicrosoft,LMicrosoft
Unknown,Lorg/chromium/ui/widget,Lorg/chromium/ui/widget
Unknown,com/helpshift/android,com/helpshift/android
Unknown,com/helpshift/storage,com/helpshift/storage
Unknown,com/kochava,com/kochava
Unknown,com/mesmotronic,com/mesmotronic
Unknown,com/cranberrygame,com/cranberrygame
Unknown,com/google/vrtoolkit/cardboard/sensors,com/google/vrtoolkit/cardboard/sensors
Universal Image Loader,com/ace/universalimageloader,com/nostra13/universalimageloader
Unknown,LCoronaProvider,LCoronaProvider
Unknown,com/soomla,com/soomla
Unknown,com/gameanalytics,com/gameanalytics
Unknown,com/androidnative/features/common,com/androidnative/features/common
Unknown,com/androidnative/features/notifications,com/androidnative/features/notifications
Unknown,com/onestore,com/onestore
Unknown,Luniversal,Luniversal
Unknown,com/db,com/db
Unknown,Lio/vov/vitamio/provider,Lio/vov/vitamio/provider
Milkman plugins,com/milkmangames/extensions/android/coremobile,com/milkmangames/extensions/android/coremobile
Unknown,Lc/m/x/a/gpg29,Lc/m/x/a/gpg29
Unknown,Lc/m/x/a/cm,Lc/m/x/a/cm
Unknown,com/kvast,com/kvast
Unknown,com/king/store/billingutil,com/king/store/billingutil
Unknown,com/kidoz/sdk/api/general/animations,com/kidoz/sdk/api/general/animations
Unknown,com/kidoz/sdk/api/general/custom_views,com/kidoz/sdk/api/general/custom_views
Unknown,com/kidoz/sdk/api/general/database,com/kidoz/sdk/api/general/database
Unknown,com/kidoz/sdk/api/ui_views/flexi_view,com/kidoz/sdk/api/ui_views/flexi_view
Unknown,com/kidoz/sdk/api/ui_views/panel_view,com/kidoz/sdk/api/ui_views/panel_view
Unknown,com/kidoz/sdk/api/ui_views/custom_drawables,com/kidoz/sdk/api/ui_views/custom_drawables
Unknown,com/kidoz/sdk/api/ui_views/feed_view,com/kidoz/sdk/api/ui_views/feed_view
Unknown,com/naver,com/naver
Unknown,com/samsung/android/sdk/iap/lib/activity,com/samsung/android/sdk/iap/lib/activity
Unknown,com/area730,com/area730
Unknown,com/netmarble/storage,com/netmarble/storage
Unknown,com/helpshift/campaigns/presenters,com/helpshift/campaigns/presenters
Unknown,com/helpshift/network/request,com/helpshift/network/request
Unknown,com/swrve/sdk/localstorage,com/swrve/sdk/localstorage
Unknown,com/swrve/sdk/rest,com/swrve/sdk/rest
Unknown,com/testin,com/testin
Unknown,com/arellomobile/android/push/request,com/arellomobile/android/push/request
Unknown,com/chartboost/plugin,com/chartboost/plugin
Unknown,com/smartfoxserver,com/smartfoxserver
Unknown,Lorg/chromium/net,Lorg/chromium/net
Unknown,Lorg/chromium/mojo,Lorg/chromium/mojo
Unknown,Lnet/nend,Lnet/nend
Unknown,Lantistatic,Lantistatic
Unknown,com/longevitysoft,com/longevitysoft
Unknown,com/outfit7/talkingfriends/billing/googleplay,com/outfit7/talkingfriends/billing/impl
Unknown,com/common/android/utils,com/common/android/utils
Unknown,com/ea/nimble/mtx/googleplay/util,com/ea/nimble/mtx/googleplay/util
Unknown,com/samsungapps,com/samsungapps
Application preferences plugin for Cordova 3+,Lme/apla/cordova,Lme/apla/cordova
Unknown,Lco/fourscience,Lco/fourscience
Unknown,com/ea/eadp/pushnotification/services,com/ea/eadp/pushnotification/services
Unknown,Lorg/mozilla/gecko/overlays/ui,Lorg/mozilla/gecko/overlays/ui
Unknown,com/distriqt/extension/flurry,com/distriqt/extension/flurry
Unknown,com/google/service,com/google/service
Unknown,com/todddavies,com/todddavies
Unknown,com/seattleclouds,com/seattleclouds
Unknown,Lorg/jxmpp/util,Lorg/jxmpp/util
Unknown,com/wisesharksoftware/panels/fragment,com/wisesharksoftware/panels/fragment
Unknown,com/wisesharksoftware/panels/bars,com/wisesharksoftware/panels/bars
Unknown,com/meiqia/core/a/a,com/b/b
Unknown,Lme/gujun,Lme/gujun
Unknown,com/wisesharksoftware/billing/v3,com/wisesharksoftware/billing/v3
Unknown,com/wisesharksoftware/sticker,com/wisesharksoftware/sticker
Unknown,com/seattleclouds/modules/calendar,com/seattleclouds/modules/calendar
Unknown,com/seattleclouds/modules/b,com/seattleclouds/modules/b
Unknown,Lanagog/pd/service/api/userprofile,Lanagog/pd/service/api/userprofile
biznessapps,com/biznessapps,com/biznessapps
Unknown,com/braintreepayments,com/braintreepayments
Unknown,Lorg/mcsoxford,Lorg/mcsoxford
Unknown,Lfreemarker/debug,Lfreemarker/debug
Unknown,Lfreemarker/ext/xml,Lfreemarker/ext/xml
Unknown,Lfreemarker/cache,Lfreemarker/cache
Unknown,Lorg/jraf,Lorg/jraf
Unknown,Lorg/telegram/PhoneFormat,Lorg/telegram/PhoneFormat
Unknown,Lorg/chromium/components/invalidation,Lorg/chromium/components/invalidation
Unknown,Lio/bugtags,Lio/bugtags
Unknown,com/kenai,com/kenai
Unknown,com/microsoft/dl/video/graphics,com/microsoft/dl/video/graphics
Unknown,Lnet/simonvt/calendarview,Lnet/simonvt/calendarview
Dcloud,Lio/dcloud,com/runtastic/android/deeplinking1
Unknown,com/philips/lighting/hue/sdk/utilities/impl,com/philips/lighting/hue/sdk/utilities/impl
Unknown,com/philips/lighting/hue/sdk/bridge,com/philips/lighting/hue/sdk/bridge
Unknown,com/samsung/android/sdk/internal,com/samsung/android/sdk/internal
Unknown,Lno/nordicsemi/android/log,Lno/nordicsemi/android/log
Unknown,com/samsung/android/sdk/healthdata,com/samsung/android/sdk/healthdata
Unknown,Lno/nordicsemi/android/dfu/internal,Lno/nordicsemi/android/dfu/internal